date,ticker,score
2023-01-31,SYN000,0.01170371457116129
2023-02-28,SYN000,0.011947980901817314
2023-03-31,SYN000,0.01204306930061591
2023-04-30,SYN000,0.013471626283961993
2023-05-31,SYN000,0.013466511569617746
2023-06-30,SYN000,0.013547443922582055
2023-07-31,SYN000,0.013168389811971418
2023-08-31,SYN000,0.01335387786744962
2023-09-30,SYN000,0.013377302401201475
2023-10-31,SYN000,0.012057845078634045
2023-11-30,SYN000,0.011936247460085774
2023-12-31,SYN000,0.011771808979121424
2024-01-31,SYN000,0.011567563551715622
2024-02-29,SYN000,0.012526741065167274
2024-03-31,SYN000,0.012585903289416767
2024-04-30,SYN000,0.012609909424110517
2024-05-31,SYN000,0.012550225298021744
2024-06-30,SYN000,0.012490003396473763
2024-07-31,SYN000,0.013272920721080623
2024-08-31,SYN000,0.013364322025788808
2024-09-30,SYN000,0.013342937437465003
2024-10-31,SYN000,0.013950517428417034
2024-11-30,SYN000,0.013998231038878711
2024-12-31,SYN000,0.013926102145441405
2023-01-31,SYN001,0.010721539588081712
2023-02-28,SYN001,0.010225374151323264
2023-03-31,SYN001,0.010644345093017862
2023-04-30,SYN001,0.009731434074938435
2023-05-31,SYN001,0.009848421373253285
2023-06-30,SYN001,0.009770316836341757
2023-07-31,SYN001,0.010849639489368651
2023-08-31,SYN001,0.010990059927358225
2023-09-30,SYN001,0.011050013011690672
2023-10-31,SYN001,0.010500501001430787
2023-11-30,SYN001,0.009877470185736072
2023-12-31,SYN001,0.010154867209366819
2024-01-31,SYN001,0.010645523527848907
2024-02-29,SYN001,0.010930188978419712
2024-03-31,SYN001,0.010980643307929958
2024-04-30,SYN001,0.010809671277326658
2024-05-31,SYN001,0.010458680554885358
2024-06-30,SYN001,0.010691562554838262
2024-07-31,SYN001,0.012076925414496927
2024-08-31,SYN001,0.011964082699117395
2024-09-30,SYN001,0.011889420098769657
2024-10-31,SYN001,0.01143687462222946
2024-11-30,SYN001,0.010752217374545353
2024-12-31,SYN001,0.010525414922098526
2023-01-31,SYN002,0.01634238388263798
2023-02-28,SYN002,0.01506144098572787
2023-03-31,SYN002,0.015063521270945896
2023-04-30,SYN002,0.014480167232193997
2023-05-31,SYN002,0.01444795483494523
2023-06-30,SYN002,0.014334359780924023
2023-07-31,SYN002,0.01305272827760331
2023-08-31,SYN002,0.012898790432002108
2023-09-30,SYN002,0.012495371626775293
2023-10-31,SYN002,0.012432005964566943
2023-11-30,SYN002,0.012186077240931702
2023-12-31,SYN002,0.012438579481629018
2024-01-31,SYN002,0.012162220995845057
2024-02-29,SYN002,0.014640945245588429
2024-03-31,SYN002,0.014588673361025255
2024-04-30,SYN002,0.01472659150455997
2024-05-31,SYN002,0.013809552720425979
2024-06-30,SYN002,0.013944754421870424
2024-07-31,SYN002,0.012752240543267403
2024-08-31,SYN002,0.012957573087457453
2024-09-30,SYN002,0.012850146364309815
2024-10-31,SYN002,0.013853773870707258
2024-11-30,SYN002,0.014235463938100879
2024-12-31,SYN002,0.014333354601519991
2023-01-31,SYN003,0.012010668016035644
2023-02-28,SYN003,0.011925053156435392
2023-03-31,SYN003,0.011968024094314156
2023-04-30,SYN003,0.012506146845713342
2023-05-31,SYN003,0.012399282739825018
2023-06-30,SYN003,0.01246778569268349
2023-07-31,SYN003,0.011916211220349018
2023-08-31,SYN003,0.012101729566167792
2023-09-30,SYN003,0.012028290195755175
2023-10-31,SYN003,0.014646800972899585
2023-11-30,SYN003,0.014808796006873376
2023-12-31,SYN003,0.01469590665145359
2024-01-31,SYN003,0.01269730281710194
2024-02-29,SYN003,0.012542853843532892
2024-03-31,SYN003,0.012633964343616709
2024-04-30,SYN003,0.01249483265057908
2024-05-31,SYN003,0.012614712022958736
2024-06-30,SYN003,0.012599980044411445
2024-07-31,SYN003,0.013342133232190426
2024-08-31,SYN003,0.013590607662853194
2024-09-30,SYN003,0.013451112726138791
2024-10-31,SYN003,0.01331457537065528
2024-11-30,SYN003,0.013309894756127823
2024-12-31,SYN003,0.013373733870911385
2023-01-31,SYN004,0.01049277623814317
2023-02-28,SYN004,0.01009087505871533
2023-03-31,SYN004,0.010285124252154294
2023-04-30,SYN004,0.008857741572703543
2023-05-31,SYN004,0.009227081528561496
2023-06-30,SYN004,0.009128163292777196
2023-07-31,SYN004,0.009583773221592318
2023-08-31,SYN004,0.009398323683868372
2023-09-30,SYN004,0.009478619722000032
2023-10-31,SYN004,0.010233518431780275
2023-11-30,SYN004,0.009926187179056915
2023-12-31,SYN004,0.010071732544496953
2024-01-31,SYN004,0.012311419928613525
2024-02-29,SYN004,0.012112968481306791
2024-03-31,SYN004,0.012525126704439511
2024-04-30,SYN004,0.010826645727812589
2024-05-31,SYN004,0.010794890072746621
2024-06-30,SYN004,0.010826246130916525
2024-07-31,SYN004,0.012372431190119668
2024-08-31,SYN004,0.012667478040876515
2024-09-30,SYN004,0.012578040495754225
2024-10-31,SYN004,0.010994503958088856
2024-11-30,SYN004,0.010655303387246311
2024-12-31,SYN004,0.010664751363479781
2023-01-31,SYN005,0.012187136886456975
2023-02-28,SYN005,0.01189412928957998
2023-03-31,SYN005,0.011694492171435901
2023-04-30,SYN005,0.012027342288638984
2023-05-31,SYN005,0.011943836447560467
2023-06-30,SYN005,0.011898190990962985
2023-07-31,SYN005,0.012885770120542452
2023-08-31,SYN005,0.012911802688630108
2023-09-30,SYN005,0.012848010796440126
2023-10-31,SYN005,0.011288204313631266
2023-11-30,SYN005,0.011053684769975845
2023-12-31,SYN005,0.011332627063340485
2024-01-31,SYN005,0.01063246123013572
2024-02-29,SYN005,0.010498684158628214
2024-03-31,SYN005,0.010498703554721345
2024-04-30,SYN005,0.010723191511610016
2024-05-31,SYN005,0.010620915766581135
2024-06-30,SYN005,0.010427705484351544
2024-07-31,SYN005,0.01101851887383793
2024-08-31,SYN005,0.010649115415648645
2024-09-30,SYN005,0.010208505921643192
2024-10-31,SYN005,0.011625365229982722
2024-11-30,SYN005,0.011677093955813456
2024-12-31,SYN005,0.011640084087570016
2023-01-31,SYN006,0.013764695078834184
2023-02-28,SYN006,0.013907301110471254
2023-03-31,SYN006,0.01380086936392452
2023-04-30,SYN006,0.01331306452890072
2023-05-31,SYN006,0.01308608856990346
2023-06-30,SYN006,0.013171493178603813
2023-07-31,SYN006,0.013615783520957613
2023-08-31,SYN006,0.013602811468022976
2023-09-30,SYN006,0.013499150123725595
2023-10-31,SYN006,0.013155217074609066
2023-11-30,SYN006,0.013192794840439876
2023-12-31,SYN006,0.013127661569166183
2024-01-31,SYN006,0.012504919439864502
2024-02-29,SYN006,0.012203460401976226
2024-03-31,SYN006,0.011758249921337685
2024-04-30,SYN006,0.012155789656792202
2024-05-31,SYN006,0.012059227213482506
2024-06-30,SYN006,0.011986440933298311
2024-07-31,SYN006,0.014178011410740427
2024-08-31,SYN006,0.014413138360311755
2024-09-30,SYN006,0.01457961621085035
2024-10-31,SYN006,0.012303367089064552
2024-11-30,SYN006,0.01213102967352051
2024-12-31,SYN006,0.012023220673473228
2023-01-31,SYN007,0.012287792795087429
2023-02-28,SYN007,0.01231265975940614
2023-03-31,SYN007,0.012365674080347909
2023-04-30,SYN007,0.012623322639804896
2023-05-31,SYN007,0.01268375819871705
2023-06-30,SYN007,0.012251128318674236
2023-07-31,SYN007,0.013867626169856057
2023-08-31,SYN007,0.013786884645429077
2023-09-30,SYN007,0.013622687203264306
2023-10-31,SYN007,0.012712178399496274
2023-11-30,SYN007,0.01254225365875057
2023-12-31,SYN007,0.012762990152529909
2024-01-31,SYN007,0.014311826061706147
2024-02-29,SYN007,0.01410178626573308
2024-03-31,SYN007,0.013990640610954138
2024-04-30,SYN007,0.013356325378846635
2024-05-31,SYN007,0.013317780456798918
2024-06-30,SYN007,0.013348103329473199
2024-07-31,SYN007,0.013371166147088167
2024-08-31,SYN007,0.013325030490954565
2024-09-30,SYN007,0.012939728369771085
2024-10-31,SYN007,0.013821845420466744
2024-11-30,SYN007,0.013696261422964836
2024-12-31,SYN007,0.013897953893386059
2023-01-31,SYN008,0.012949116876682138
2023-02-28,SYN008,0.01295941538306048
2023-03-31,SYN008,0.012998755521091988
2023-04-30,SYN008,0.011997752753592956
2023-05-31,SYN008,0.011939480317993611
2023-06-30,SYN008,0.012059116958606973
2023-07-31,SYN008,0.013314940862488998
2023-08-31,SYN008,0.013279412221291278
2023-09-30,SYN008,0.013205035197235721
2023-10-31,SYN008,0.012649789062116433
2023-11-30,SYN008,0.01115241536232927
2023-12-31,SYN008,0.011149686080186526
2024-01-31,SYN008,0.012177502360767313
2024-02-29,SYN008,0.012024644815871822
2024-03-31,SYN008,0.012323090314090806
2024-04-30,SYN008,0.012516671705546769
2024-05-31,SYN008,0.012422518888408954
2024-06-30,SYN008,0.012572239232767679
2024-07-31,SYN008,0.012707146943307181
2024-08-31,SYN008,0.012733406257206908
2024-09-30,SYN008,0.012881585771837423
2024-10-31,SYN008,0.012947431668934426
2024-11-30,SYN008,0.013109008543290683
2024-12-31,SYN008,0.013065670571238976
2023-01-31,SYN009,0.004297538566649368
2023-02-28,SYN009,0.004438809977645007
2023-03-31,SYN009,0.004465439041168967
2023-04-30,SYN009,0.006091966926500227
2023-05-31,SYN009,0.005921040453270256
2023-06-30,SYN009,0.005876089654901212
2023-07-31,SYN009,0.008219907704366692
2023-08-31,SYN009,0.007949016778032109
2023-09-30,SYN009,0.008603881281876922
2023-10-31,SYN009,0.006440329735011149
2023-11-30,SYN009,0.007205488379154879
2023-12-31,SYN009,0.007566435570467236
2024-01-31,SYN009,0.008056430486226345
2024-02-29,SYN009,0.007542818327282039
2024-03-31,SYN009,0.007826974349351156
2024-04-30,SYN009,0.007016569029731812
2024-05-31,SYN009,0.006608354130612443
2024-06-30,SYN009,0.00705486935932827
2024-07-31,SYN009,0.00774888024981171
2024-08-31,SYN009,0.00805016292635223
2024-09-30,SYN009,0.00825797014960657
2024-10-31,SYN009,0.00564531521996566
2024-11-30,SYN009,0.005918133438717729
2024-12-31,SYN009,0.005952574294515381
2023-01-31,SYN010,0.012988071487707262
2023-02-28,SYN010,0.013050002454716821
2023-03-31,SYN010,0.012997720293780768
2023-04-30,SYN010,0.014043229812127793
2023-05-31,SYN010,0.014011440174073945
2023-06-30,SYN010,0.013999724666232203
2023-07-31,SYN010,0.01441338151176691
2023-08-31,SYN010,0.01447275838326001
2023-09-30,SYN010,0.014477465937806033
2023-10-31,SYN010,0.014823901026755421
2023-11-30,SYN010,0.015043924000757393
2023-12-31,SYN010,0.014991918466799793
2024-01-31,SYN010,0.013675007850850598
2024-02-29,SYN010,0.013528374154330898
2024-03-31,SYN010,0.013471643574680479
2024-04-30,SYN010,0.014205694929817608
2024-05-31,SYN010,0.014278383697619839
2024-06-30,SYN010,0.014208830196061067
2024-07-31,SYN010,0.013295854604355702
2024-08-31,SYN010,0.013426487543091298
2024-09-30,SYN010,0.013269583649835904
2024-10-31,SYN010,0.012284396512876331
2024-11-30,SYN010,0.012200788318332871
2024-12-31,SYN010,0.012109231642344077
2023-01-31,SYN011,0.013566557688233621
2023-02-28,SYN011,0.013602644234225593
2023-03-31,SYN011,0.013653162542823269
2023-04-30,SYN011,0.013587461669293225
2023-05-31,SYN011,0.013524206039169548
2023-06-30,SYN011,0.013525103797807542
2023-07-31,SYN011,0.013442623671037702
2023-08-31,SYN011,0.013471770457063449
2023-09-30,SYN011,0.013457852166256503
2023-10-31,SYN011,0.01300908152100954
2023-11-30,SYN011,0.012997879869407581
2023-12-31,SYN011,0.012962222284993196
2024-01-31,SYN011,0.015987241943003595
2024-02-29,SYN011,0.01588236132630675
2024-03-31,SYN011,0.015967830976639445
2024-04-30,SYN011,0.013561061313287012
2024-05-31,SYN011,0.01356114809380291
2024-06-30,SYN011,0.013604351701561828
2024-07-31,SYN011,0.011961558167828783
2024-08-31,SYN011,0.011937648703308011
2024-09-30,SYN011,0.012379344053908694
2024-10-31,SYN011,0.012677431291074943
2024-11-30,SYN011,0.012446039673934279
2024-12-31,SYN011,0.012258593374365084
2023-01-31,SYN012,0.008719438073061556
2023-02-28,SYN012,0.008723293162952624
2023-03-31,SYN012,0.008427961732275691
2023-04-30,SYN012,0.007464265490799468
2023-05-31,SYN012,0.007190747790555338
2023-06-30,SYN012,0.007452468022662766
2023-07-31,SYN012,0.0072541177329065185
2023-08-31,SYN012,0.007094619988112735
2023-09-30,SYN012,0.00681187984110018
2023-10-31,SYN012,0.007620963604401165
2023-11-30,SYN012,0.007180484603313667
2023-12-31,SYN012,0.007753614334729721
2024-01-31,SYN012,0.010200713671983544
2024-02-29,SYN012,0.01036752118781999
2024-03-31,SYN012,0.010526329254997486
2024-04-30,SYN012,0.005743798542390528
2024-05-31,SYN012,0.005868417246817678
2024-06-30,SYN012,0.005772123549132558
2024-07-31,SYN012,0.008225253456962692
2024-08-31,SYN012,0.007693661296246034
2024-09-30,SYN012,0.007581369240992065
2024-10-31,SYN012,0.006399731836370491
2024-11-30,SYN012,0.0067219486248279985
2024-12-31,SYN012,0.0071574373765031455
2023-01-31,SYN013,0.012766770719373524
2023-02-28,SYN013,0.012826042773338911
2023-03-31,SYN013,0.012882519732126504
2023-04-30,SYN013,0.013518968197759733
2023-05-31,SYN013,0.013449239875603841
2023-06-30,SYN013,0.013410746339653706
2023-07-31,SYN013,0.012293904987654248
2023-08-31,SYN013,0.012469817786164135
2023-09-30,SYN013,0.012419867919293165
2023-10-31,SYN013,0.013223074953634928
2023-11-30,SYN013,0.013278489712620061
2023-12-31,SYN013,0.01326978608032506
2024-01-31,SYN013,0.013183283882790936
2024-02-29,SYN013,0.012985014226222159
2024-03-31,SYN013,0.01293461341826891
2024-04-30,SYN013,0.012879317871775809
2024-05-31,SYN013,0.012844834757170794
2024-06-30,SYN013,0.01288397567528586
2024-07-31,SYN013,0.012786663415282905
2024-08-31,SYN013,0.012792351152909297
2024-09-30,SYN013,0.012757798940123674
2024-10-31,SYN013,0.01310361066303788
2024-11-30,SYN013,0.01290792161048093
2024-12-31,SYN013,0.012905128887003504
2023-01-31,SYN014,0.012516591101122805
2023-02-28,SYN014,0.012581549286013191
2023-03-31,SYN014,0.012263032257084508
2023-04-30,SYN014,0.013385316990531772
2023-05-31,SYN014,0.013580466713722445
2023-06-30,SYN014,0.013595835550287289
2023-07-31,SYN014,0.01267919246858771
2023-08-31,SYN014,0.012728556758760405
2023-09-30,SYN014,0.012766750930645233
2023-10-31,SYN014,0.01153733757737113
2023-11-30,SYN014,0.011223097036986008
2023-12-31,SYN014,0.011461572037666522
2024-01-31,SYN014,0.012536655547028965
2024-02-29,SYN014,0.01243142845190146
2024-03-31,SYN014,0.01203939214600555
2024-04-30,SYN014,0.01275421220905169
2024-05-31,SYN014,0.012774540801972455
2024-06-30,SYN014,0.012796133150672483
2024-07-31,SYN014,0.011843036610689407
2024-08-31,SYN014,0.012025780137693329
2024-09-30,SYN014,0.011963847921446277
2024-10-31,SYN014,0.015128990946387404
2024-11-30,SYN014,0.01525264096076176
2024-12-31,SYN014,0.015182230669252225
2023-01-31,SYN015,0.011035176420619248
2023-02-28,SYN015,0.011153935830001637
2023-03-31,SYN015,0.011133002391410704
2023-04-30,SYN015,0.010193868166976316
2023-05-31,SYN015,0.010618938485002324
2023-06-30,SYN015,0.010913391604010423
2023-07-31,SYN015,0.009705488323173925
2023-08-31,SYN015,0.009372763060415248
2023-09-30,SYN015,0.009456758746120257
2023-10-31,SYN015,0.009854074318713817
2023-11-30,SYN015,0.00953543532969042
2023-12-31,SYN015,0.009750146248586177
2024-01-31,SYN015,0.011501110314248272
2024-02-29,SYN015,0.01124150640272125
2024-03-31,SYN015,0.01086828734736547
2024-04-30,SYN015,0.010445646855135774
2024-05-31,SYN015,0.010526033820765298
2024-06-30,SYN015,0.01052752716797766
2024-07-31,SYN015,0.010854520895116414
2024-08-31,SYN015,0.010501713072218036
2024-09-30,SYN015,0.010790030220952925
2024-10-31,SYN015,0.01046737801146314
2024-11-30,SYN015,0.009828504594089356
2024-12-31,SYN015,0.009589998851193528
2023-01-31,SYN016,0.01323411270845532
2023-02-28,SYN016,0.013194346454580707
2023-03-31,SYN016,0.013207162745071506
2023-04-30,SYN016,0.013686482045070678
2023-05-31,SYN016,0.013671788907916132
2023-06-30,SYN016,0.013616940892434492
2023-07-31,SYN016,0.013049945323469762
2023-08-31,SYN016,0.01303443233626329
2023-09-30,SYN016,0.012756762791430953
2023-10-31,SYN016,0.01395115770349813
2023-11-30,SYN016,0.014019937808080639
2023-12-31,SYN016,0.013853776217506795
2024-01-31,SYN016,0.01191802867462873
2024-02-29,SYN016,0.011882523132067765
2024-03-31,SYN016,0.011868461795049924
2024-04-30,SYN016,0.011594216398265607
2024-05-31,SYN016,0.011521124791987686
2024-06-30,SYN016,0.011342168300064744
2024-07-31,SYN016,0.012500995515758593
2024-08-31,SYN016,0.012625373529187613
2024-09-30,SYN016,0.012703428150788756
2024-10-31,SYN016,0.011494872223669262
2024-11-30,SYN016,0.011568875226518165
2024-12-31,SYN016,0.011651878825707403
2023-01-31,SYN017,0.00950679840549395
2023-02-28,SYN017,0.010109126370102531
2023-03-31,SYN017,0.010364626888523217
2023-04-30,SYN017,0.008461427436957809
2023-05-31,SYN017,0.008406552426250912
2023-06-30,SYN017,0.007788167588050656
2023-07-31,SYN017,0.01067902012712097
2023-08-31,SYN017,0.010951009343878887
2023-09-30,SYN017,0.011363061235667245
2023-10-31,SYN017,0.010505922606802656
2023-11-30,SYN017,0.010540762002170963
2023-12-31,SYN017,0.010498199521246018
2024-01-31,SYN017,0.012104969593828757
2024-02-29,SYN017,0.011466915571686699
2024-03-31,SYN017,0.011789397196419133
2024-04-30,SYN017,0.010844741570207131
2024-05-31,SYN017,0.011088641829683592
2024-06-30,SYN017,0.010994383066400212
2024-07-31,SYN017,0.008496184219041731
2024-08-31,SYN017,0.009225848642804247
2024-09-30,SYN017,0.00991331119209373
2024-10-31,SYN017,0.012618431624966061
2024-11-30,SYN017,0.012755165033182614
2024-12-31,SYN017,0.013030251781099983
2023-01-31,SYN018,0.01318786399704003
2023-02-28,SYN018,0.013162940158663131
2023-03-31,SYN018,0.013179015789960013
2023-04-30,SYN018,0.013783004894338535
2023-05-31,SYN018,0.013949542423007685
2023-06-30,SYN018,0.013973236130039592
2023-07-31,SYN018,0.013363713411908578
2023-08-31,SYN018,0.013353561382459658
2023-09-30,SYN018,0.01337715579852759
2023-10-31,SYN018,0.012487464877522364
2023-11-30,SYN018,0.012557345013769967
2023-12-31,SYN018,0.012582091769005335
2024-01-31,SYN018,0.015136081270943357
2024-02-29,SYN018,0.015037480014855801
2024-03-31,SYN018,0.014969761182969497
2024-04-30,SYN018,0.013381866215744045
2024-05-31,SYN018,0.013572009200089878
2024-06-30,SYN018,0.013418223530313538
2024-07-31,SYN018,0.0116415435583104
2024-08-31,SYN018,0.01159321649367574
2024-09-30,SYN018,0.011873704018603439
2024-10-31,SYN018,0.011644878829225488
2024-11-30,SYN018,0.011682808208436573
2024-12-31,SYN018,0.011788369245304334
2023-01-31,SYN019,0.01336522167076655
2023-02-28,SYN019,0.013106533712210463
2023-03-31,SYN019,0.013086218563845238
2023-04-30,SYN019,0.012691622155275662
2023-05-31,SYN019,0.012554958699740675
2023-06-30,SYN019,0.0129512555467599
2023-07-31,SYN019,0.0139898671941886
2023-08-31,SYN019,0.013769079384457978
2023-09-30,SYN019,0.013902980620633327
2023-10-31,SYN019,0.012141040673946736
2023-11-30,SYN019,0.012447115246275755
2023-12-31,SYN019,0.012432182696047267
2024-01-31,SYN019,0.013820698977115681
2024-02-29,SYN019,0.013898155243399836
2024-03-31,SYN019,0.013814925586141192
2024-04-30,SYN019,0.011456628549870923
2024-05-31,SYN019,0.011467144183900154
2024-06-30,SYN019,0.012047762501581264
2024-07-31,SYN019,0.01271549803994154
2024-08-31,SYN019,0.012705016296482326
2024-09-30,SYN019,0.012627251797764198
2024-10-31,SYN019,0.010760805473066366
2024-11-30,SYN019,0.010219934603459612
2024-12-31,SYN019,0.01050429584534757
2023-01-31,SYN020,0.014950719113961562
2023-02-28,SYN020,0.015210010688908968
2023-03-31,SYN020,0.015239107046192957
2023-04-30,SYN020,0.014846414128702627
2023-05-31,SYN020,0.015312664093590965
2023-06-30,SYN020,0.015180897398005289
2023-07-31,SYN020,0.01356521478247905
2023-08-31,SYN020,0.01345845199025276
2023-09-30,SYN020,0.012959444008506227
2023-10-31,SYN020,0.01324886805633028
2023-11-30,SYN020,0.013340915669864195
2023-12-31,SYN020,0.01349934589818491
2024-01-31,SYN020,0.013877177119863481
2024-02-29,SYN020,0.013854899193361529
2024-03-31,SYN020,0.013559984330109711
2024-04-30,SYN020,0.013014234998421225
2024-05-31,SYN020,0.012848768396706263
2024-06-30,SYN020,0.013037071394344759
2024-07-31,SYN020,0.014389634969982495
2024-08-31,SYN020,0.014482077220755975
2024-09-30,SYN020,0.01460438335080902
2024-10-31,SYN020,0.014692696606498905
2024-11-30,SYN020,0.01470265329382037
2024-12-31,SYN020,0.014748882728481147
2023-01-31,SYN021,0.013018336231745007
2023-02-28,SYN021,0.01362737035129859
2023-03-31,SYN021,0.01363097710327166
2023-04-30,SYN021,0.01521432286389154
2023-05-31,SYN021,0.015448972163897646
2023-06-30,SYN021,0.015360830861403274
2023-07-31,SYN021,0.011305014602815154
2023-08-31,SYN021,0.011400117938422664
2023-09-30,SYN021,0.011357788815843614
2023-10-31,SYN021,0.01467190289125855
2023-11-30,SYN021,0.014699749743169892
2023-12-31,SYN021,0.014546044199624809
2024-01-31,SYN021,0.014468422358779143
2024-02-29,SYN021,0.014296532321584354
2024-03-31,SYN021,0.014296406173779457
2024-04-30,SYN021,0.015031132852970096
2024-05-31,SYN021,0.015097754680189132
2024-06-30,SYN021,0.015054788035037143
2024-07-31,SYN021,0.016327872177210434
2024-08-31,SYN021,0.016435114038125486
2024-09-30,SYN021,0.01644920908709663
2024-10-31,SYN021,0.014804848286356613
2024-11-30,SYN021,0.014786172678750653
2024-12-31,SYN021,0.014688148541851302
2023-01-31,SYN022,0.010892025250979674
2023-02-28,SYN022,0.010781958894744119
2023-03-31,SYN022,0.01022119691781245
2023-04-30,SYN022,0.011009639087767743
2023-05-31,SYN022,0.01117546475303979
2023-06-30,SYN022,0.011131776361091309
2023-07-31,SYN022,0.011537325273371195
2023-08-31,SYN022,0.011458033798667647
2023-09-30,SYN022,0.011949837294251623
2023-10-31,SYN022,0.011633130702111602
2023-11-30,SYN022,0.01157049071621615
2023-12-31,SYN022,0.011289851337468501
2024-01-31,SYN022,0.012508348879761145
2024-02-29,SYN022,0.01241025062152688
2024-03-31,SYN022,0.012546638648584333
2024-04-30,SYN022,0.01317402885485206
2024-05-31,SYN022,0.013090176710924594
2024-06-30,SYN022,0.012910534761810352
2024-07-31,SYN022,0.012770944110292514
2024-08-31,SYN022,0.013031307353372339
2024-09-30,SYN022,0.012802788252409892
2024-10-31,SYN022,0.013204081178680036
2024-11-30,SYN022,0.012999314527062808
2024-12-31,SYN022,0.01287471698146042
2023-01-31,SYN023,0.013016541218705734
2023-02-28,SYN023,0.012988682120801027
2023-03-31,SYN023,0.013076196439705439
2023-04-30,SYN023,0.013142969408038786
2023-05-31,SYN023,0.01311015972308235
2023-06-30,SYN023,0.013071536973272038
2023-07-31,SYN023,0.014642429331752756
2023-08-31,SYN023,0.014699850940202737
2023-09-30,SYN023,0.014777287665607236
2023-10-31,SYN023,0.014267419168559002
2023-11-30,SYN023,0.0143988300707375
2023-12-31,SYN023,0.014445900107005498
2024-01-31,SYN023,0.01439108671811451
2024-02-29,SYN023,0.014410636730712596
2024-03-31,SYN023,0.014415844851125076
2024-04-30,SYN023,0.013898711628382061
2024-05-31,SYN023,0.01386183491741476
2024-06-30,SYN023,0.013876555798386654
2024-07-31,SYN023,0.015250989581737689
2024-08-31,SYN023,0.0153234832550366
2024-09-30,SYN023,0.015346223379425367
2024-10-31,SYN023,0.014056974408707928
2024-11-30,SYN023,0.013825333070960306
2024-12-31,SYN023,0.013775270956315935
2023-01-31,SYN024,0.012549505901103052
2023-02-28,SYN024,0.012623218861152008
2023-03-31,SYN024,0.012692462515020663
2023-04-30,SYN024,0.012311934337509422
2023-05-31,SYN024,0.012516408752200106
2023-06-30,SYN024,0.012618014931140127
2023-07-31,SYN024,0.011953465486718846
2023-08-31,SYN024,0.011592718180916017
2023-09-30,SYN024,0.011622533116367052
2023-10-31,SYN024,0.012174159337656539
2023-11-30,SYN024,0.01238429815009035
2023-12-31,SYN024,0.012232541551883969
2024-01-31,SYN024,0.011945077989369054
2024-02-29,SYN024,0.011931390730033388
2024-03-31,SYN024,0.012095026930558693
2024-04-30,SYN024,0.011858822780434665
2024-05-31,SYN024,0.011267541789157504
2024-06-30,SYN024,0.011015206253149454
2024-07-31,SYN024,0.009915478741853282
2024-08-31,SYN024,0.010305386882913874
2024-09-30,SYN024,0.010568454516729778
2024-10-31,SYN024,0.01105782184262313
2024-11-30,SYN024,0.011412156259019748
2024-12-31,SYN024,0.0117550786879465
2023-01-31,SYN025,0.014879755890352748
2023-02-28,SYN025,0.015383747246101137
2023-03-31,SYN025,0.015302750347775852
2023-04-30,SYN025,0.014340082377314782
2023-05-31,SYN025,0.014282394515132186
2023-06-30,SYN025,0.014184911567245181
2023-07-31,SYN025,0.0137587829057564
2023-08-31,SYN025,0.013765734454122098
2023-09-30,SYN025,0.01379939900048727
2023-10-31,SYN025,0.01379971923125496
2023-11-30,SYN025,0.013755411726125068
2023-12-31,SYN025,0.013836937217508243
2024-01-31,SYN025,0.014345360506529747
2024-02-29,SYN025,0.014325615370447086
2024-03-31,SYN025,0.014262114956215866
2024-04-30,SYN025,0.013362701686176502
2024-05-31,SYN025,0.013212724602804099
2024-06-30,SYN025,0.013213369634972731
2024-07-31,SYN025,0.013012718605000008
2024-08-31,SYN025,0.012431863070287253
2024-09-30,SYN025,0.012683626124793323
2024-10-31,SYN025,0.013182671845864899
2024-11-30,SYN025,0.013405716707127306
2024-12-31,SYN025,0.01344913411107147
2023-01-31,SYN026,0.014206131855427379
2023-02-28,SYN026,0.014378771283385433
2023-03-31,SYN026,0.014415415127018941
2023-04-30,SYN026,0.013011443250707768
2023-05-31,SYN026,0.012945238324863084
2023-06-30,SYN026,0.01292092305245521
2023-07-31,SYN026,0.012339838483939606
2023-08-31,SYN026,0.012312876401616522
2023-09-30,SYN026,0.012255391591814909
2023-10-31,SYN026,0.012630405110191176
2023-11-30,SYN026,0.012774535761732965
2023-12-31,SYN026,0.012737476085399373
2024-01-31,SYN026,0.012346553654709384
2024-02-29,SYN026,0.012141128870426399
2024-03-31,SYN026,0.012180832110650085
2024-04-30,SYN026,0.012976693455900457
2024-05-31,SYN026,0.012789929382399924
2024-06-30,SYN026,0.012738191158925495
2024-07-31,SYN026,0.01232012815672069
2024-08-31,SYN026,0.012325742206518654
2024-09-30,SYN026,0.012423690529052903
2024-10-31,SYN026,0.012584161625392493
2024-11-30,SYN026,0.013943140854460934
2024-12-31,SYN026,0.013918370404745768
2023-01-31,SYN027,0.014772512008753166
2023-02-28,SYN027,0.01478583972433419
2023-03-31,SYN027,0.014770588430968602
2023-04-30,SYN027,0.014601735590051686
2023-05-31,SYN027,0.014517050249021893
2023-06-30,SYN027,0.01431953952177782
2023-07-31,SYN027,0.015440987618845176
2023-08-31,SYN027,0.015458343217891319
2023-09-30,SYN027,0.015420370599404517
2023-10-31,SYN027,0.014294189124189779
2023-11-30,SYN027,0.01446875530759743
2023-12-31,SYN027,0.014345870396982367
2024-01-31,SYN027,0.014836771078665715
2024-02-29,SYN027,0.014742212427819703
2024-03-31,SYN027,0.01486760314341072
2024-04-30,SYN027,0.014881133908057013
2024-05-31,SYN027,0.014921696367002888
2024-06-30,SYN027,0.01492044041957223
2024-07-31,SYN027,0.01406999096616692
2024-08-31,SYN027,0.013237782983407656
2024-09-30,SYN027,0.013146783834758617
2024-10-31,SYN027,0.013993807377050768
2024-11-30,SYN027,0.013813996529678562
2024-12-31,SYN027,0.01381148807953955
2023-01-31,SYN028,0.013397521111639006
2023-02-28,SYN028,0.01346019320703846
2023-03-31,SYN028,0.013528718694805712
2023-04-30,SYN028,0.011692845685429073
2023-05-31,SYN028,0.011476405341369691
2023-06-30,SYN028,0.011260393775560354
2023-07-31,SYN028,0.012095651613377155
2023-08-31,SYN028,0.012174408774338811
2023-09-30,SYN028,0.012159190655340584
2023-10-31,SYN028,0.012255423737503397
2023-11-30,SYN028,0.012425928621951824
2023-12-31,SYN028,0.012468137964446239
2024-01-31,SYN028,0.013846880214252327
2024-02-29,SYN028,0.013853904857328013
2024-03-31,SYN028,0.013967417726238787
2024-04-30,SYN028,0.01459486216157363
2024-05-31,SYN028,0.013049209928226998
2024-06-30,SYN028,0.012871304829469193
2024-07-31,SYN028,0.01306821801480632
2024-08-31,SYN028,0.01299406731973922
2024-09-30,SYN028,0.013037227185433466
2024-10-31,SYN028,0.01220940440316209
2024-11-30,SYN028,0.012657192094120473
2024-12-31,SYN028,0.012599598843220934
2023-01-31,SYN029,0.011685163759298834
2023-02-28,SYN029,0.011722802095532382
2023-03-31,SYN029,0.011715883547661104
2023-04-30,SYN029,0.00858415268314176
2023-05-31,SYN029,0.008354661262741987
2023-06-30,SYN029,0.009009611268021099
2023-07-31,SYN029,0.012645312832161774
2023-08-31,SYN029,0.012412335454595446
2023-09-30,SYN029,0.012269863340236525
2023-10-31,SYN029,0.012989059088261277
2023-11-30,SYN029,0.012309782979627792
2023-12-31,SYN029,0.01223647434610685
2024-01-31,SYN029,0.00944258982132512
2024-02-29,SYN029,0.009010102634966214
2024-03-31,SYN029,0.008522504740417342
2024-04-30,SYN029,0.009233710627296117
2024-05-31,SYN029,0.00959500470488069
2024-06-30,SYN029,0.009082217822363911
2024-07-31,SYN029,0.01225500073895977
2024-08-31,SYN029,0.01213138436357701
2024-09-30,SYN029,0.012066717044293157
2024-10-31,SYN029,0.011258824967485244
2024-11-30,SYN029,0.010830155722701162
2024-12-31,SYN029,0.010688736519188329
2023-01-31,SYN030,0.010284584784496162
2023-02-28,SYN030,0.010240456027811887
2023-03-31,SYN030,0.0083026689130457
2023-04-30,SYN030,0.010162014213540252
2023-05-31,SYN030,0.009934013905680807
2023-06-30,SYN030,0.009951499613201553
2023-07-31,SYN030,0.010459737272010978
2023-08-31,SYN030,0.010636396179460043
2023-09-30,SYN030,0.010355322072621395
2023-10-31,SYN030,0.011006275770115188
2023-11-30,SYN030,0.010994251374470874
2023-12-31,SYN030,0.01081357913664389
2024-01-31,SYN030,0.010806117621090093
2024-02-29,SYN030,0.01086680760016659
2024-03-31,SYN030,0.010985935144350704
2024-04-30,SYN030,0.009893206095106861
2024-05-31,SYN030,0.009562370018063066
2024-06-30,SYN030,0.009335350892039702
2024-07-31,SYN030,0.0108485937066119
2024-08-31,SYN030,0.010524991459791935
2024-09-30,SYN030,0.010349311742389674
2024-10-31,SYN030,0.010811310667282721
2024-11-30,SYN030,0.01080128707051543
2024-12-31,SYN030,0.010879316804829953
2023-01-31,SYN031,0.012720307263240445
2023-02-28,SYN031,0.012775911475146095
2023-03-31,SYN031,0.012688824390545321
2023-04-30,SYN031,0.013739029204125577
2023-05-31,SYN031,0.013729241152517026
2023-06-30,SYN031,0.013709511399760928
2023-07-31,SYN031,0.01310434077506455
2023-08-31,SYN031,0.01317499209636257
2023-09-30,SYN031,0.013112593748367414
2023-10-31,SYN031,0.01374642631908683
2023-11-30,SYN031,0.013853393711102785
2023-12-31,SYN031,0.014008657606949259
2024-01-31,SYN031,0.01455942351891699
2024-02-29,SYN031,0.014386143910798843
2024-03-31,SYN031,0.01441131773063414
2024-04-30,SYN031,0.01488456866035042
2024-05-31,SYN031,0.014867795945349427
2024-06-30,SYN031,0.014969358107754849
2024-07-31,SYN031,0.01397452445520975
2024-08-31,SYN031,0.013951066595825165
2024-09-30,SYN031,0.013853789906974686
2024-10-31,SYN031,0.013381323212362975
2024-11-30,SYN031,0.01336601595846976
2024-12-31,SYN031,0.013268993439064842
2023-01-31,SYN032,0.013364451809088188
2023-02-28,SYN032,0.01350820450818668
2023-03-31,SYN032,0.013500928495991004
2023-04-30,SYN032,0.012930445407156495
2023-05-31,SYN032,0.012776750569983454
2023-06-30,SYN032,0.012887816550065705
2023-07-31,SYN032,0.01315491809320879
2023-08-31,SYN032,0.01331542407402411
2023-09-30,SYN032,0.013288030611160595
2023-10-31,SYN032,0.014547992893165336
2023-11-30,SYN032,0.014596720202106155
2023-12-31,SYN032,0.014621584875139825
2024-01-31,SYN032,0.014163709430277206
2024-02-29,SYN032,0.013836934821327892
2024-03-31,SYN032,0.013905613778627932
2024-04-30,SYN032,0.013342091472555087
2024-05-31,SYN032,0.013139328645478777
2024-06-30,SYN032,0.013276698454666561
2024-07-31,SYN032,0.012368084972199343
2024-08-31,SYN032,0.012495720299087984
2024-09-30,SYN032,0.012630405984757105
2024-10-31,SYN032,0.012310109983461688
2024-11-30,SYN032,0.01195829520714491
2024-12-31,SYN032,0.011887759150599767
2023-01-31,SYN033,0.011032056637585637
2023-02-28,SYN033,0.011161606402685802
2023-03-31,SYN033,0.011164812050713784
2023-04-30,SYN033,0.010543989463428143
2023-05-31,SYN033,0.010669977321919405
2023-06-30,SYN033,0.010500822480869568
2023-07-31,SYN033,0.01074348231911754
2023-08-31,SYN033,0.010690421572856986
2023-09-30,SYN033,0.011064549679120749
2023-10-31,SYN033,0.01152465405827708
2023-11-30,SYN033,0.011395745684697658
2023-12-31,SYN033,0.01146803947544084
2024-01-31,SYN033,0.010978202562833012
2024-02-29,SYN033,0.011468191089335422
2024-03-31,SYN033,0.011907300345515587
2024-04-30,SYN033,0.011418251249930683
2024-05-31,SYN033,0.011274730417182285
2024-06-30,SYN033,0.011097568384475976
2024-07-31,SYN033,0.01204089326479812
2024-08-31,SYN033,0.012031027712064907
2024-09-30,SYN033,0.012192149904056386
2024-10-31,SYN033,0.011493319214678603
2024-11-30,SYN033,0.011151207113524724
2024-12-31,SYN033,0.011141940941078676
2023-01-31,SYN034,0.013969623517195263
2023-02-28,SYN034,0.014196317267970441
2023-03-31,SYN034,0.01422459554488226
2023-04-30,SYN034,0.013698723846474142
2023-05-31,SYN034,0.01354244918871634
2023-06-30,SYN034,0.013473703079927162
2023-07-31,SYN034,0.013136905332942227
2023-08-31,SYN034,0.012866236946805141
2023-09-30,SYN034,0.013128869986737558
2023-10-31,SYN034,0.013108885995249566
2023-11-30,SYN034,0.015052211755906387
2023-12-31,SYN034,0.015084606619388478
2024-01-31,SYN034,0.013226157924892703
2024-02-29,SYN034,0.013234274013946008
2024-03-31,SYN034,0.013109706425391278
2024-04-30,SYN034,0.01469942519839032
2024-05-31,SYN034,0.014219119398862157
2024-06-30,SYN034,0.014236202616186584
2024-07-31,SYN034,0.01371581707475359
2024-08-31,SYN034,0.014059363184929992
2024-09-30,SYN034,0.013988183917419062
2024-10-31,SYN034,0.013571108065634501
2024-11-30,SYN034,0.01354655374336896
2024-12-31,SYN034,0.013331734886869492
2023-01-31,SYN035,0.014854154724611686
2023-02-28,SYN035,0.014902220900069662
2023-03-31,SYN035,0.014922898005428833
2023-04-30,SYN035,0.014558206287504821
2023-05-31,SYN035,0.014551069780469153
2023-06-30,SYN035,0.014425884869756198
2023-07-31,SYN035,0.014883399824766186
2023-08-31,SYN035,0.014976913777290926
2023-09-30,SYN035,0.01474648959457055
2023-10-31,SYN035,0.015282088798301157
2023-11-30,SYN035,0.015623916355262571
2023-12-31,SYN035,0.015748387298365203
2024-01-31,SYN035,0.015820655964789158
2024-02-29,SYN035,0.015636925025462222
2024-03-31,SYN035,0.01569825393289206
2024-04-30,SYN035,0.015477596976763664
2024-05-31,SYN035,0.015449098243413187
2024-06-30,SYN035,0.015331092190153026
2024-07-31,SYN035,0.01448495780081749
2024-08-31,SYN035,0.0146238270993045
2024-09-30,SYN035,0.01449999176023125
2024-10-31,SYN035,0.014978075240487145
2024-11-30,SYN035,0.01154180457060873
2024-12-31,SYN035,0.011601109049666972
2023-01-31,SYN036,0.013329644719603188
2023-02-28,SYN036,0.0133240044189315
2023-03-31,SYN036,0.013359033641086086
2023-04-30,SYN036,0.013432310489225722
2023-05-31,SYN036,0.013350689038826408
2023-06-30,SYN036,0.013274244536740027
2023-07-31,SYN036,0.013344811776600216
2023-08-31,SYN036,0.013543041615175442
2023-09-30,SYN036,0.013514954938249593
2023-10-31,SYN036,0.01317260106235952
2023-11-30,SYN036,0.013232586137096852
2023-12-31,SYN036,0.013213726981200883
2024-01-31,SYN036,0.014204948470094474
2024-02-29,SYN036,0.013937019326245473
2024-03-31,SYN036,0.013903490726095407
2024-04-30,SYN036,0.013588284309798282
2024-05-31,SYN036,0.013567300263124141
2024-06-30,SYN036,0.013413989473014424
2024-07-31,SYN036,0.015718968955396456
2024-08-31,SYN036,0.012955710999182761
2024-09-30,SYN036,0.012887403055014108
2024-10-31,SYN036,0.012725453780089324
2024-11-30,SYN036,0.012813140718112933
2024-12-31,SYN036,0.012697187697536184
2023-01-31,SYN037,0.013214816733493409
2023-02-28,SYN037,0.01333022912221899
2023-03-31,SYN037,0.01349836345702759
2023-04-30,SYN037,0.012843919640364309
2023-05-31,SYN037,0.013165557986444037
2023-06-30,SYN037,0.013108638754060967
2023-07-31,SYN037,0.01330360899074911
2023-08-31,SYN037,0.013511549437580248
2023-09-30,SYN037,0.013524540592007857
2023-10-31,SYN037,0.011710934151556218
2023-11-30,SYN037,0.011693275144904173
2023-12-31,SYN037,0.011504080313072313
2024-01-31,SYN037,0.011670266884882652
2024-02-29,SYN037,0.012695217062294855
2024-03-31,SYN037,0.012569153498794497
2024-04-30,SYN037,0.013259723090522714
2024-05-31,SYN037,0.013276484612290815
2024-06-30,SYN037,0.013310098688012105
2024-07-31,SYN037,0.01281524020802508
2024-08-31,SYN037,0.012257440689689255
2024-09-30,SYN037,0.012190815236510479
2024-10-31,SYN037,0.012269577220490794
2024-11-30,SYN037,0.01207106100737302
2024-12-31,SYN037,0.012051955747205193
2023-01-31,SYN038,0.006868164985887761
2023-02-28,SYN038,0.007177279291010579
2023-03-31,SYN038,0.007879134491256958
2023-04-30,SYN038,0.01026995912132839
2023-05-31,SYN038,0.010721025180267678
2023-06-30,SYN038,0.01059780846755129
2023-07-31,SYN038,0.009180326852458346
2023-08-31,SYN038,0.008966654752644408
2023-09-30,SYN038,0.008899355165246052
2023-10-31,SYN038,0.008036314975845733
2023-11-30,SYN038,0.01027961965965511
2023-12-31,SYN038,0.010569960360934822
2024-01-31,SYN038,0.011367731873237714
2024-02-29,SYN038,0.010982980096843077
2024-03-31,SYN038,0.010545938805586338
2024-04-30,SYN038,0.010915256681631881
2024-05-31,SYN038,0.01087763848466971
2024-06-30,SYN038,0.010600770766495876
2024-07-31,SYN038,0.01086616219686521
2024-08-31,SYN038,0.012078381963851394
2024-09-30,SYN038,0.01203656249861987
2024-10-31,SYN038,0.010553635493696669
2024-11-30,SYN038,0.010195817521187596
2024-12-31,SYN038,0.01034834757773086
2023-01-31,SYN039,0.013065478010703587
2023-02-28,SYN039,0.013094653753820606
2023-03-31,SYN039,0.013128394821023024
2023-04-30,SYN039,0.013696606400114435
2023-05-31,SYN039,0.013637862726454016
2023-06-30,SYN039,0.013546828706480054
2023-07-31,SYN039,0.013125567357112266
2023-08-31,SYN039,0.01299452401758499
2023-09-30,SYN039,0.012691126254463088
2023-10-31,SYN039,0.011712407119411366
2023-11-30,SYN039,0.010986123014458046
2023-12-31,SYN039,0.010773186432893258
2024-01-31,SYN039,0.012354205132386754
2024-02-29,SYN039,0.01219466364695077
2024-03-31,SYN039,0.012137803992823389
2024-04-30,SYN039,0.011247449506394426
2024-05-31,SYN039,0.011200629197885226
2024-06-30,SYN039,0.011100293866497388
2024-07-31,SYN039,0.010972766503197992
2024-08-31,SYN039,0.011046693886036343
2024-09-30,SYN039,0.011025706054265833
2024-10-31,SYN039,0.010454219990575985
2024-11-30,SYN039,0.010412023795896449
2024-12-31,SYN039,0.010432802372261038
2023-01-31,SYN040,0.01312930777120148
2023-02-28,SYN040,0.013160400290338528
2023-03-31,SYN040,0.013148541076793531
2023-04-30,SYN040,0.012381078327433305
2023-05-31,SYN040,0.012422581715819387
2023-06-30,SYN040,0.012354792701065192
2023-07-31,SYN040,0.01227502151443979
2023-08-31,SYN040,0.012127217103407199
2023-09-30,SYN040,0.012068507680372202
2023-10-31,SYN040,0.012089608197472198
2023-11-30,SYN040,0.01221949094354159
2023-12-31,SYN040,0.012140272679068075
2024-01-31,SYN040,0.011657923246681863
2024-02-29,SYN040,0.011649969113796472
2024-03-31,SYN040,0.011716920837342425
2024-04-30,SYN040,0.010392577494416175
2024-05-31,SYN040,0.010724085128895059
2024-06-30,SYN040,0.010818883001257057
2024-07-31,SYN040,0.011584180708727911
2024-08-31,SYN040,0.011632060152319912
2024-09-30,SYN040,0.011804644784409485
2024-10-31,SYN040,0.010722705582861891
2024-11-30,SYN040,0.010640652367344837
2024-12-31,SYN040,0.010711778418394984
2023-01-31,SYN041,0.011518541846034451
2023-02-28,SYN041,0.011324235926932836
2023-03-31,SYN041,0.011245271057528166
2023-04-30,SYN041,0.011665069631561312
2023-05-31,SYN041,0.011158923411239374
2023-06-30,SYN041,0.010875617186835421
2023-07-31,SYN041,0.011156266909688685
2023-08-31,SYN041,0.011165125287962556
2023-09-30,SYN041,0.011031916853011492
2023-10-31,SYN041,0.011416409196800778
2023-11-30,SYN041,0.01151551711928301
2023-12-31,SYN041,0.011514405824381683
2024-01-31,SYN041,0.011948653895980281
2024-02-29,SYN041,0.011658405873818365
2024-03-31,SYN041,0.011563555132582616
2024-04-30,SYN041,0.012020931162167892
2024-05-31,SYN041,0.011960613087308261
2024-06-30,SYN041,0.011914875190921015
2024-07-31,SYN041,0.011878972000281348
2024-08-31,SYN041,0.011783188957417328
2024-09-30,SYN041,0.011606853153320178
2024-10-31,SYN041,0.010803956105492493
2024-11-30,SYN041,0.01131186965163689
2024-12-31,SYN041,0.011556106573961203
2023-01-31,SYN042,0.007902519272578748
2023-02-28,SYN042,0.008286894198172239
2023-03-31,SYN042,0.008375553526849815
2023-04-30,SYN042,0.012278984369129138
2023-05-31,SYN042,0.011845977096204335
2023-06-30,SYN042,0.011541658993171305
2023-07-31,SYN042,0.012673767263543023
2023-08-31,SYN042,0.013031239909594615
2023-09-30,SYN042,0.013411221579175481
2023-10-31,SYN042,0.012392722750716866
2023-11-30,SYN042,0.012333688578886275
2023-12-31,SYN042,0.012448466381351874
2024-01-31,SYN042,0.012283727109522932
2024-02-29,SYN042,0.01204910468076528
2024-03-31,SYN042,0.011976670432595768
2024-04-30,SYN042,0.013031988090962156
2024-05-31,SYN042,0.012947059177656503
2024-06-30,SYN042,0.012584663766147513
2024-07-31,SYN042,0.013338614941106072
2024-08-31,SYN042,0.013479982482647711
2024-09-30,SYN042,0.01354547969699208
2024-10-31,SYN042,0.01448233959946266
2024-11-30,SYN042,0.014282009791907331
2024-12-31,SYN042,0.014294515833337762
2023-01-31,SYN043,0.011704163246137609
2023-02-28,SYN043,0.011764276660672774
2023-03-31,SYN043,0.01173434693109268
2023-04-30,SYN043,0.011477005785821285
2023-05-31,SYN043,0.012103488461062264
2023-06-30,SYN043,0.012130202108129963
2023-07-31,SYN043,0.0120271814115597
2023-08-31,SYN043,0.012020900863301388
2023-09-30,SYN043,0.011914878644227616
2023-10-31,SYN043,0.011484342508659389
2023-11-30,SYN043,0.011511630094856711
2023-12-31,SYN043,0.01129570207041576
2024-01-31,SYN043,0.008336106738905108
2024-02-29,SYN043,0.009108361949831273
2024-03-31,SYN043,0.008812677237847136
2024-04-30,SYN043,0.010182589736639793
2024-05-31,SYN043,0.013840963316094716
2024-06-30,SYN043,0.013873688424114104
2024-07-31,SYN043,0.012217176874109361
2024-08-31,SYN043,0.012393284792527902
2024-09-30,SYN043,0.012349458709189782
2024-10-31,SYN043,0.011365751597822202
2024-11-30,SYN043,0.011492655919020133
2024-12-31,SYN043,0.011562456393532735
2023-01-31,SYN044,0.013735215301086512
2023-02-28,SYN044,0.013668631299850964
2023-03-31,SYN044,0.013661250248877864
2023-04-30,SYN044,0.014776678147814878
2023-05-31,SYN044,0.01477532584775553
2023-06-30,SYN044,0.014843213159206899
2023-07-31,SYN044,0.014741224605750093
2023-08-31,SYN044,0.014897670049088596
2023-09-30,SYN044,0.015006373901451653
2023-10-31,SYN044,0.014701828706288906
2023-11-30,SYN044,0.014591986533616642
2023-12-31,SYN044,0.014681882389658119
2024-01-31,SYN044,0.01321944415392093
2024-02-29,SYN044,0.013457140925761363
2024-03-31,SYN044,0.01343517393006739
2024-04-30,SYN044,0.012234364697145927
2024-05-31,SYN044,0.012200545000087128
2024-06-30,SYN044,0.012159854202902026
2024-07-31,SYN044,0.013311945027382947
2024-08-31,SYN044,0.012651059663031865
2024-09-30,SYN044,0.012651043451178812
2024-10-31,SYN044,0.012222048028769018
2024-11-30,SYN044,0.012106264563767927
2024-12-31,SYN044,0.012031971761111784
2023-01-31,SYN045,0.014247525377484877
2023-02-28,SYN045,0.014411128211827497
2023-03-31,SYN045,0.014331954443877111
2023-04-30,SYN045,0.01500283503579663
2023-05-31,SYN045,0.014933815941236335
2023-06-30,SYN045,0.014663338231321467
2023-07-31,SYN045,0.014382438793918841
2023-08-31,SYN045,0.0145293070889597
2023-09-30,SYN045,0.014463468625326027
2023-10-31,SYN045,0.012948071334078127
2023-11-30,SYN045,0.013108760823810676
2023-12-31,SYN045,0.01265815912672912
2024-01-31,SYN045,0.014616337964287457
2024-02-29,SYN045,0.014686721255592342
2024-03-31,SYN045,0.014812841028327691
2024-04-30,SYN045,0.015001743883120245
2024-05-31,SYN045,0.015145691513041529
2024-06-30,SYN045,0.01516834615201455
2024-07-31,SYN045,0.015873298429022145
2024-08-31,SYN045,0.015186084472410842
2024-09-30,SYN045,0.01526260432524897
2024-10-31,SYN045,0.013003301159490183
2024-11-30,SYN045,0.013138913575759853
2024-12-31,SYN045,0.013088699589107093
2023-01-31,SYN046,0.011103937925337311
2023-02-28,SYN046,0.011078750663490938
2023-03-31,SYN046,0.01126550839158468
2023-04-30,SYN046,0.01218272602670658
2023-05-31,SYN046,0.01204672129462511
2023-06-30,SYN046,0.011918335749132371
2023-07-31,SYN046,0.011417851102726851
2023-08-31,SYN046,0.01130612598640039
2023-09-30,SYN046,0.01133567620033511
2023-10-31,SYN046,0.010887252222722946
2023-11-30,SYN046,0.010655007308537981
2023-12-31,SYN046,0.010893594402875559
2024-01-31,SYN046,0.011067972435308378
2024-02-29,SYN046,0.011043454345699857
2024-03-31,SYN046,0.0108342468426186
2024-04-30,SYN046,0.012893728062123383
2024-05-31,SYN046,0.012695339826365847
2024-06-30,SYN046,0.012419479443839894
2024-07-31,SYN046,0.012709550267969154
2024-08-31,SYN046,0.012649678834518459
2024-09-30,SYN046,0.012307210012379468
2024-10-31,SYN046,0.014108166663086556
2024-11-30,SYN046,0.014369070804518783
2024-12-31,SYN046,0.01414997892864868
2023-01-31,SYN047,0.012718467723268814
2023-02-28,SYN047,0.012842201075515777
2023-03-31,SYN047,0.012859686228132139
2023-04-30,SYN047,0.012910587680749997
2023-05-31,SYN047,0.01274350675590186
2023-06-30,SYN047,0.01287335381038986
2023-07-31,SYN047,0.013045743132715231
2023-08-31,SYN047,0.013097965216380536
2023-09-30,SYN047,0.013228081839072158
2023-10-31,SYN047,0.01162102885532235
2023-11-30,SYN047,0.011692061254674969
2023-12-31,SYN047,0.011472421317487656
2024-01-31,SYN047,0.012859361718791889
2024-02-29,SYN047,0.013040584835956942
2024-03-31,SYN047,0.013017907833284116
2024-04-30,SYN047,0.014173302144604617
2024-05-31,SYN047,0.014180342197069993
2024-06-30,SYN047,0.014171667742131834
2024-07-31,SYN047,0.015243256719043152
2024-08-31,SYN047,0.015181359022572912
2024-09-30,SYN047,0.015247777159982007
2024-10-31,SYN047,0.014979015894055184
2024-11-30,SYN047,0.01501363439981145
2024-12-31,SYN047,0.015025418236983692
2023-01-31,SYN048,0.01183678807640516
2023-02-28,SYN048,0.01224968008217604
2023-03-31,SYN048,0.01209565173538719
2023-04-30,SYN048,0.012534664465787618
2023-05-31,SYN048,0.012321828444820342
2023-06-30,SYN048,0.012519672815376618
2023-07-31,SYN048,0.012850755473655752
2023-08-31,SYN048,0.012761973651228383
2023-09-30,SYN048,0.012471610096854139
2023-10-31,SYN048,0.012314502970066003
2023-11-30,SYN048,0.012297346114854004
2023-12-31,SYN048,0.01243600479418571
2024-01-31,SYN048,0.011387036149829577
2024-02-29,SYN048,0.011236438560603607
2024-03-31,SYN048,0.011364630173695529
2024-04-30,SYN048,0.01256644700759242
2024-05-31,SYN048,0.01239312541079391
2024-06-30,SYN048,0.012446802494976022
2024-07-31,SYN048,0.012846199892103083
2024-08-31,SYN048,0.013063917169506964
2024-09-30,SYN048,0.013136906800269094
2024-10-31,SYN048,0.013075964518270644
2024-11-30,SYN048,0.0132053880903793
2024-12-31,SYN048,0.012907431947419772
2023-01-31,SYN049,0.011635685972806049
2023-02-28,SYN049,0.011490736979178687
2023-03-31,SYN049,0.01181581209932498
2023-04-30,SYN049,0.011942921691282945
2023-05-31,SYN049,0.012098001596998637
2023-06-30,SYN049,0.012335303462646248
2023-07-31,SYN049,0.010289747394629659
2023-08-31,SYN049,0.00953861914743101
2023-09-30,SYN049,0.009684086802547166
2023-10-31,SYN049,0.011959614804077456
2023-11-30,SYN049,0.011753141980540624
2023-12-31,SYN049,0.011936158407960553
2024-01-31,SYN049,0.01069661299598717
2024-02-29,SYN049,0.010569901009845463
2024-03-31,SYN049,0.010381070023791912
2024-04-30,SYN049,0.011687905900968134
2024-05-31,SYN049,0.012029208595803791
2024-06-30,SYN049,0.012229643795183681
2024-07-31,SYN049,0.010508031305094472
2024-08-31,SYN049,0.01053925214585551
2024-09-30,SYN049,0.010709686680959372
2024-10-31,SYN049,0.012811442291708292
2024-11-30,SYN049,0.012717703955737215
2024-12-31,SYN049,0.012497061881675913
2023-01-31,SYN050,0.014607429472676296
2023-02-28,SYN050,0.01474762144670453
2023-03-31,SYN050,0.014693211493634572
2023-04-30,SYN050,0.013898698811829382
2023-05-31,SYN050,0.013928955008715974
2023-06-30,SYN050,0.013908717072498791
2023-07-31,SYN050,0.015395536540873528
2023-08-31,SYN050,0.014561730970622732
2023-09-30,SYN050,0.01452503910102872
2023-10-31,SYN050,0.015508467738806368
2023-11-30,SYN050,0.015709792311951028
2023-12-31,SYN050,0.01568514955896881
2024-01-31,SYN050,0.01450275941673104
2024-02-29,SYN050,0.014421899800871338
2024-03-31,SYN050,0.014417492033380486
2024-04-30,SYN050,0.014870563044647777
2024-05-31,SYN050,0.014839681892330727
2024-06-30,SYN050,0.01485980415711891
2024-07-31,SYN050,0.015218410458110591
2024-08-31,SYN050,0.015327079206808286
2024-09-30,SYN050,0.015335501743920524
2024-10-31,SYN050,0.013505147540202208
2024-11-30,SYN050,0.013461435114863524
2024-12-31,SYN050,0.013529583110008174
2023-01-31,SYN051,0.012105441214720286
2023-02-28,SYN051,0.012163138429896473
2023-03-31,SYN051,0.012348439816498389
2023-04-30,SYN051,0.009391372334638121
2023-05-31,SYN051,0.009437829491512019
2023-06-30,SYN051,0.009330315057750276
2023-07-31,SYN051,0.011199166351997268
2023-08-31,SYN051,0.010844225552752352
2023-09-30,SYN051,0.011463008216406119
2023-10-31,SYN051,0.010900565146099602
2023-11-30,SYN051,0.010786014689881544
2023-12-31,SYN051,0.010265052324429773
2024-01-31,SYN051,0.01156024679047835
2024-02-29,SYN051,0.011252222439283314
2024-03-31,SYN051,0.011066146455727748
2024-04-30,SYN051,0.011382075751502126
2024-05-31,SYN051,0.01049298805560322
2024-06-30,SYN051,0.01061865319806005
2024-07-31,SYN051,0.011431315684056653
2024-08-31,SYN051,0.011512306958515288
2024-09-30,SYN051,0.012040434804131113
2024-10-31,SYN051,0.011777860668670181
2024-11-30,SYN051,0.011929921714850758
2024-12-31,SYN051,0.011753096240160573
2023-01-31,SYN052,0.01297983858598185
2023-02-28,SYN052,0.013082692208087556
2023-03-31,SYN052,0.013314332898065485
2023-04-30,SYN052,0.013862534295225467
2023-05-31,SYN052,0.013749427838483602
2023-06-30,SYN052,0.013579618016618184
2023-07-31,SYN052,0.013014521992765739
2023-08-31,SYN052,0.012959759902832007
2023-09-30,SYN052,0.012660317272726476
2023-10-31,SYN052,0.015218365091913138
2023-11-30,SYN052,0.015471059430221862
2023-12-31,SYN052,0.015353734254915107
2024-01-31,SYN052,0.013948595003853452
2024-02-29,SYN052,0.014803738736453624
2024-03-31,SYN052,0.014858628097411621
2024-04-30,SYN052,0.013850550242050959
2024-05-31,SYN052,0.013819775843587899
2024-06-30,SYN052,0.013846963284305765
2024-07-31,SYN052,0.014626375121120609
2024-08-31,SYN052,0.014689173086574843
2024-09-30,SYN052,0.01468408169229657
2024-10-31,SYN052,0.014646571908706708
2024-11-30,SYN052,0.014915827469834025
2024-12-31,SYN052,0.014798478875832357
2023-01-31,SYN053,0.012884578152515752
2023-02-28,SYN053,0.01285319502562891
2023-03-31,SYN053,0.013011457514944926
2023-04-30,SYN053,0.012061621265020356
2023-05-31,SYN053,0.012066745885782224
2023-06-30,SYN053,0.011998717696079284
2023-07-31,SYN053,0.010733372196448057
2023-08-31,SYN053,0.01091150377630355
2023-09-30,SYN053,0.010811226412453056
2023-10-31,SYN053,0.009596654595112964
2023-11-30,SYN053,0.009325385924994711
2023-12-31,SYN053,0.009152080700224417
2024-01-31,SYN053,0.009363594096072509
2024-02-29,SYN053,0.011679315748118752
2024-03-31,SYN053,0.011466611492692238
2024-04-30,SYN053,0.011639384849631073
2024-05-31,SYN053,0.011448897393106462
2024-06-30,SYN053,0.011579124626732145
2024-07-31,SYN053,0.010849667845185443
2024-08-31,SYN053,0.010797364021883762
2024-09-30,SYN053,0.010867557148990972
2024-10-31,SYN053,0.011603276153266668
2024-11-30,SYN053,0.011591806125985045
2024-12-31,SYN053,0.011467493223553771
2023-01-31,SYN054,0.01084511326211661
2023-02-28,SYN054,0.011122583349255479
2023-03-31,SYN054,0.011125954544659766
2023-04-30,SYN054,0.011873506755345238
2023-05-31,SYN054,0.011747651063979235
2023-06-30,SYN054,0.011926307109678921
2023-07-31,SYN054,0.011803233824570781
2023-08-31,SYN054,0.012202400623149387
2023-09-30,SYN054,0.01208726226092734
2023-10-31,SYN054,0.013633302904551052
2023-11-30,SYN054,0.013696127969256813
2023-12-31,SYN054,0.014034642067416291
2024-01-31,SYN054,0.009802027334898902
2024-02-29,SYN054,0.009540359844075773
2024-03-31,SYN054,0.010027835379905143
2024-04-30,SYN054,0.01407639774743155
2024-05-31,SYN054,0.0142537315935167
2024-06-30,SYN054,0.014598222541113232
2024-07-31,SYN054,0.014398111898281772
2024-08-31,SYN054,0.014363213744702202
2024-09-30,SYN054,0.014351011919993866
2024-10-31,SYN054,0.014236824788543025
2024-11-30,SYN054,0.014202121636794799
2024-12-31,SYN054,0.01430367409455667
2023-01-31,SYN055,0.013837983753967751
2023-02-28,SYN055,0.013843340348498396
2023-03-31,SYN055,0.013830202016637382
2023-04-30,SYN055,0.015033075733276297
2023-05-31,SYN055,0.015042078507542458
2023-06-30,SYN055,0.015048300732583767
2023-07-31,SYN055,0.014445748487582566
2023-08-31,SYN055,0.014801342749810327
2023-09-30,SYN055,0.014664587423803369
2023-10-31,SYN055,0.014401882359258445
2023-11-30,SYN055,0.014548393608650156
2023-12-31,SYN055,0.014492333513260697
2024-01-31,SYN055,0.013542323115473426
2024-02-29,SYN055,0.013606785853859668
2024-03-31,SYN055,0.013759761926013756
2024-04-30,SYN055,0.013730955729083071
2024-05-31,SYN055,0.013592592393303073
2024-06-30,SYN055,0.013302257785149053
2024-07-31,SYN055,0.014318814972866955
2024-08-31,SYN055,0.014330435760394382
2024-09-30,SYN055,0.014082799522489326
2024-10-31,SYN055,0.012992617011930406
2024-11-30,SYN055,0.012665300543034608
2024-12-31,SYN055,0.012908043073722966
2023-01-31,SYN056,0.013050889607476775
2023-02-28,SYN056,0.013248708805609254
2023-03-31,SYN056,0.012985082657853012
2023-04-30,SYN056,0.011488307817470605
2023-05-31,SYN056,0.01145316772636458
2023-06-30,SYN056,0.011528133063966446
2023-07-31,SYN056,0.013523007700580049
2023-08-31,SYN056,0.01175285768210813
2023-09-30,SYN056,0.011820163182227407
2023-10-31,SYN056,0.011802921179048948
2023-11-30,SYN056,0.011788989594626102
2023-12-31,SYN056,0.011532021047191348
2024-01-31,SYN056,0.011675151352302448
2024-02-29,SYN056,0.011507531828257483
2024-03-31,SYN056,0.011621934979111025
2024-04-30,SYN056,0.011521859852692875
2024-05-31,SYN056,0.013207937648478787
2024-06-30,SYN056,0.013297856347459737
2024-07-31,SYN056,0.013375196260937056
2024-08-31,SYN056,0.013539977691349138
2024-09-30,SYN056,0.013295119519273755
2024-10-31,SYN056,0.013362312868521041
2024-11-30,SYN056,0.013294890909662817
2024-12-31,SYN056,0.013676159087246214
2023-01-31,SYN057,0.009718491622378011
2023-02-28,SYN057,0.009459230246809815
2023-03-31,SYN057,0.009802110692190082
2023-04-30,SYN057,0.009144888504532942
2023-05-31,SYN057,0.009572321313549419
2023-06-30,SYN057,0.009606641022849824
2023-07-31,SYN057,0.00851250312683954
2023-08-31,SYN057,0.009203705274763267
2023-09-30,SYN057,0.009465211407882965
2023-10-31,SYN057,0.009708511393480317
2023-11-30,SYN057,0.0102499795863043
2023-12-31,SYN057,0.009918874925479361
2024-01-31,SYN057,0.010235489732114703
2024-02-29,SYN057,0.010259759463601342
2024-03-31,SYN057,0.010072414134474976
2024-04-30,SYN057,0.009531478087777155
2024-05-31,SYN057,0.009540124347783672
2024-06-30,SYN057,0.009639909115956621
2024-07-31,SYN057,0.010631391750686447
2024-08-31,SYN057,0.009536000629367773
2024-09-30,SYN057,0.009572838029956104
2024-10-31,SYN057,0.0079504412809119
2024-11-30,SYN057,0.0074320306367449684
2024-12-31,SYN057,0.007452535965134411
2023-01-31,SYN058,0.013757912873765751
2023-02-28,SYN058,0.013786844740286726
2023-03-31,SYN058,0.013872351147714873
2023-04-30,SYN058,0.012408728514291947
2023-05-31,SYN058,0.012694186535746312
2023-06-30,SYN058,0.012640159382321334
2023-07-31,SYN058,0.013497227026751189
2023-08-31,SYN058,0.013537535122251365
2023-09-30,SYN058,0.01383641678212806
2023-10-31,SYN058,0.013473728150528242
2023-11-30,SYN058,0.013525978157167719
2023-12-31,SYN058,0.013372527362846009
2024-01-31,SYN058,0.014155686529412374
2024-02-29,SYN058,0.014144806478729169
2024-03-31,SYN058,0.014157196261867459
2024-04-30,SYN058,0.013258308572257153
2024-05-31,SYN058,0.012661093368378824
2024-06-30,SYN058,0.012712163563125807
2024-07-31,SYN058,0.01306512634553454
2024-08-31,SYN058,0.012977057583328993
2024-09-30,SYN058,0.012937422192186613
2024-10-31,SYN058,0.013726735506983861
2024-11-30,SYN058,0.013626659502483655
2024-12-31,SYN058,0.013844211189679295
2023-01-31,SYN059,0.012435929841446714
2023-02-28,SYN059,0.012199770226580775
2023-03-31,SYN059,0.01226514181221326
2023-04-30,SYN059,0.012713463209028752
2023-05-31,SYN059,0.012524543130664697
2023-06-30,SYN059,0.012563593504946197
2023-07-31,SYN059,0.011754372903165741
2023-08-31,SYN059,0.011771184562140907
2023-09-30,SYN059,0.011738573788426196
2023-10-31,SYN059,0.011463198530632995
2023-11-30,SYN059,0.011414265668206114
2023-12-31,SYN059,0.011438752584941736
2024-01-31,SYN059,0.012121500043985291
2024-02-29,SYN059,0.011764614622718135
2024-03-31,SYN059,0.011743128765882994
2024-04-30,SYN059,0.012659798711342075
2024-05-31,SYN059,0.012850684465992288
2024-06-30,SYN059,0.012843923119085042
2024-07-31,SYN059,0.009555570660815011
2024-08-31,SYN059,0.009162578587749746
2024-09-30,SYN059,0.009204995149621673
2024-10-31,SYN059,0.0098793847480956
2024-11-30,SYN059,0.009809186364345513
2024-12-31,SYN059,0.009988849311375591
2023-01-31,SYN060,0.012350994817703595
2023-02-28,SYN060,0.012318422078219992
2023-03-31,SYN060,0.012347797219720728
2023-04-30,SYN060,0.014755555565903938
2023-05-31,SYN060,0.01468318007248072
2023-06-30,SYN060,0.014655443414659493
2023-07-31,SYN060,0.014985100563184198
2023-08-31,SYN060,0.015052098046173523
2023-09-30,SYN060,0.015121679779526519
2023-10-31,SYN060,0.014488653435940451
2023-11-30,SYN060,0.014588652254973385
2023-12-31,SYN060,0.014560052030824371
2024-01-31,SYN060,0.013132470356000285
2024-02-29,SYN060,0.015336995788076218
2024-03-31,SYN060,0.015344746744595935
2024-04-30,SYN060,0.014707912262809965
2024-05-31,SYN060,0.014724519713319855
2024-06-30,SYN060,0.014627162698291611
2024-07-31,SYN060,0.015579496329846879
2024-08-31,SYN060,0.015693095512746835
2024-09-30,SYN060,0.015695964759127462
2024-10-31,SYN060,0.014717535464609587
2024-11-30,SYN060,0.014653419539580386
2024-12-31,SYN060,0.014621347716168218
2023-01-31,SYN061,0.013223428306605013
2023-02-28,SYN061,0.013192976568312887
2023-03-31,SYN061,0.013304174159754439
2023-04-30,SYN061,0.010004752452757358
2023-05-31,SYN061,0.010114754998687046
2023-06-30,SYN061,0.010014223817170105
2023-07-31,SYN061,0.013250229869554932
2023-08-31,SYN061,0.013376556148303843
2023-09-30,SYN061,0.013391402514290073
2023-10-31,SYN061,0.010540229855583184
2023-11-30,SYN061,0.010642911691631826
2023-12-31,SYN061,0.010421546018415129
2024-01-31,SYN061,0.011934729794479983
2024-02-29,SYN061,0.01192696312472213
2024-03-31,SYN061,0.012084017243962224
2024-04-30,SYN061,0.01047877445541285
2024-05-31,SYN061,0.010513445463578465
2024-06-30,SYN061,0.010336242245491638
2024-07-31,SYN061,0.012117708395011787
2024-08-31,SYN061,0.014243531444216273
2024-09-30,SYN061,0.014252714835382771
2024-10-31,SYN061,0.013118901416203711
2024-11-30,SYN061,0.013152159655312693
2024-12-31,SYN061,0.013179197034280513
2023-01-31,SYN062,0.011593270994904113
2023-02-28,SYN062,0.011467124630966979
2023-03-31,SYN062,0.011407786584146847
2023-04-30,SYN062,0.011820150000214366
2023-05-31,SYN062,0.011794987486794889
2023-06-30,SYN062,0.012041643943682834
2023-07-31,SYN062,0.010553025796097647
2023-08-31,SYN062,0.010828093714554341
2023-09-30,SYN062,0.010967974475983655
2023-10-31,SYN062,0.01227742131116831
2023-11-30,SYN062,0.012158446326906856
2023-12-31,SYN062,0.012304355704077086
2024-01-31,SYN062,0.011261224501269157
2024-02-29,SYN062,0.011155804383511977
2024-03-31,SYN062,0.01130292532754212
2024-04-30,SYN062,0.010462589825889131
2024-05-31,SYN062,0.01077028931844644
2024-06-30,SYN062,0.01086159098120058
2024-07-31,SYN062,0.011701086759537101
2024-08-31,SYN062,0.011514640088578332
2024-09-30,SYN062,0.011575101903181857
2024-10-31,SYN062,0.01153943487849839
2024-11-30,SYN062,0.011757592492160015
2024-12-31,SYN062,0.011665359362852158
2023-01-31,SYN063,0.013922182653178333
2023-02-28,SYN063,0.013946907456284605
2023-03-31,SYN063,0.014138853955594468
2023-04-30,SYN063,0.014478207028350908
2023-05-31,SYN063,0.014416853070920239
2023-06-30,SYN063,0.014395299123234952
2023-07-31,SYN063,0.013669883450322828
2023-08-31,SYN063,0.013795724288934616
2023-09-30,SYN063,0.013669248710956221
2023-10-31,SYN063,0.014750049715752417
2023-11-30,SYN063,0.01495402713377229
2023-12-31,SYN063,0.014971181327822006
2024-01-31,SYN063,0.014841992435499687
2024-02-29,SYN063,0.014884092346519322
2024-03-31,SYN063,0.014845499721324758
2024-04-30,SYN063,0.013757402059237655
2024-05-31,SYN063,0.013757212775379588
2024-06-30,SYN063,0.013684263387576376
2024-07-31,SYN063,0.013937800393655195
2024-08-31,SYN063,0.013981528869699916
2024-09-30,SYN063,0.013982897115641142
2024-10-31,SYN063,0.013849828113335821
2024-11-30,SYN063,0.013781703914381358
2024-12-31,SYN063,0.013646124495976105
2023-01-31,SYN064,0.012343322941786491
2023-02-28,SYN064,0.012310965439506253
2023-03-31,SYN064,0.012293902879472124
2023-04-30,SYN064,0.012492070599046638
2023-05-31,SYN064,0.012557340567061101
2023-06-30,SYN064,0.012572816221267161
2023-07-31,SYN064,0.012343274376699657
2023-08-31,SYN064,0.012258923004049177
2023-09-30,SYN064,0.01240576356003472
2023-10-31,SYN064,0.011400113294389592
2023-11-30,SYN064,0.011465353366673998
2023-12-31,SYN064,0.01147440517742356
2024-01-31,SYN064,0.011714929250871656
2024-02-29,SYN064,0.011527878284227482
2024-03-31,SYN064,0.011471206186056853
2024-04-30,SYN064,0.011517638974918193
2024-05-31,SYN064,0.011587395476013045
2024-06-30,SYN064,0.011304837767539131
2024-07-31,SYN064,0.012406963033189672
2024-08-31,SYN064,0.012447342416001816
2024-09-30,SYN064,0.012072655870688436
2024-10-31,SYN064,0.01264485112311873
2024-11-30,SYN064,0.012749972083969179
2024-12-31,SYN064,0.01267338084788639
2023-01-31,SYN065,0.012969561366547797
2023-02-28,SYN065,0.013021101283392194
2023-03-31,SYN065,0.013126000655066038
2023-04-30,SYN065,0.01337602315837329
2023-05-31,SYN065,0.013424153741444884
2023-06-30,SYN065,0.013416101105866328
2023-07-31,SYN065,0.013624989393978373
2023-08-31,SYN065,0.013667204159966506
2023-09-30,SYN065,0.013485839103291654
2023-10-31,SYN065,0.01127259182592146
2023-11-30,SYN065,0.011243058621311404
2023-12-31,SYN065,0.011172637006452822
2024-01-31,SYN065,0.012312761213427344
2024-02-29,SYN065,0.01236274850678622
2024-03-31,SYN065,0.012438010033550655
2024-04-30,SYN065,0.012554448461853045
2024-05-31,SYN065,0.011226461321924657
2024-06-30,SYN065,0.011457788919005146
2024-07-31,SYN065,0.011621387345026142
2024-08-31,SYN065,0.011413702965835772
2024-09-30,SYN065,0.01155486713156246
2024-10-31,SYN065,0.012165978051212662
2024-11-30,SYN065,0.012099891974270666
2024-12-31,SYN065,0.012253207299348841
2023-01-31,SYN066,0.013098693099196961
2023-02-28,SYN066,0.012786735046230208
2023-03-31,SYN066,0.012547482285241652
2023-04-30,SYN066,0.012103846448625135
2023-05-31,SYN066,0.012050437116355495
2023-06-30,SYN066,0.01206193367860666
2023-07-31,SYN066,0.013116582819844458
2023-08-31,SYN066,0.01325068040902249
2023-09-30,SYN066,0.013479547263936121
2023-10-31,SYN066,0.01190797800018282
2023-11-30,SYN066,0.012031615021774408
2023-12-31,SYN066,0.012279028854966229
2024-01-31,SYN066,0.009099101095329925
2024-02-29,SYN066,0.008936831319429822
2024-03-31,SYN066,0.00878923587665921
2024-04-30,SYN066,0.013696578858370115
2024-05-31,SYN066,0.01359674821847918
2024-06-30,SYN066,0.013487974277603279
2024-07-31,SYN066,0.012172797220937224
2024-08-31,SYN066,0.012423236570271352
2024-09-30,SYN066,0.012484317623365724
2024-10-31,SYN066,0.013231252011557868
2024-11-30,SYN066,0.013125330895713348
2024-12-31,SYN066,0.013177982578701224
2023-01-31,SYN067,0.008429466380729245
2023-02-28,SYN067,0.008567422546239094
2023-03-31,SYN067,0.008309698547229991
2023-04-30,SYN067,0.007820259780233346
2023-05-31,SYN067,0.008187986681265132
2023-06-30,SYN067,0.008405976684469942
2023-07-31,SYN067,0.010085024828519366
2023-08-31,SYN067,0.009873522027113606
2023-09-30,SYN067,0.010017512948251822
2023-10-31,SYN067,0.011160790919506855
2023-11-30,SYN067,0.011416706080825473
2023-12-31,SYN067,0.011260765353246919
2024-01-31,SYN067,0.00983069585981262
2024-02-29,SYN067,0.00996715037370412
2024-03-31,SYN067,0.010450728650520762
2024-04-30,SYN067,0.01103639928331302
2024-05-31,SYN067,0.010780208686342708
2024-06-30,SYN067,0.010763490959455519
2024-07-31,SYN067,0.010429321959355621
2024-08-31,SYN067,0.0108296676728391
2024-09-30,SYN067,0.01076089623810418
2024-10-31,SYN067,0.009574941112696618
2024-11-30,SYN067,0.009916938796637171
2024-12-31,SYN067,0.009803085137628335
2023-01-31,SYN068,0.010777473786939594
2023-02-28,SYN068,0.01110760971707457
2023-03-31,SYN068,0.011103823197500013
2023-04-30,SYN068,0.011560193918083177
2023-05-31,SYN068,0.011451634749127908
2023-06-30,SYN068,0.011746654486233474
2023-07-31,SYN068,0.011715210872504664
2023-08-31,SYN068,0.011599003595664589
2023-09-30,SYN068,0.011368153826677172
2023-10-31,SYN068,0.012559984986775376
2023-11-30,SYN068,0.012983884708193956
2023-12-31,SYN068,0.01321693272711408
2024-01-31,SYN068,0.011217074463749198
2024-02-29,SYN068,0.011337664884403326
2024-03-31,SYN068,0.01109758801270756
2024-04-30,SYN068,0.0104590012944481
2024-05-31,SYN068,0.012034151791673584
2024-06-30,SYN068,0.012139929009071135
2024-07-31,SYN068,0.012869882615632388
2024-08-31,SYN068,0.012995552891943549
2024-09-30,SYN068,0.012775964887464415
2024-10-31,SYN068,0.011077716119279888
2024-11-30,SYN068,0.011160872311972473
2024-12-31,SYN068,0.011454298136534103
2023-01-31,SYN069,0.01222794417286667
2023-02-28,SYN069,0.012178427412430835
2023-03-31,SYN069,0.012184931612947631
2023-04-30,SYN069,0.011629642094512687
2023-05-31,SYN069,0.011548826259036454
2023-06-30,SYN069,0.011580994558705392
2023-07-31,SYN069,0.011291762504569317
2023-08-31,SYN069,0.011826590717997838
2023-09-30,SYN069,0.01190094944711318
2023-10-31,SYN069,0.013188616846112253
2023-11-30,SYN069,0.013192813626013319
2023-12-31,SYN069,0.013148556602776324
2024-01-31,SYN069,0.012570609017847525
2024-02-29,SYN069,0.012993168486586786
2024-03-31,SYN069,0.013001401989410301
2024-04-30,SYN069,0.012451085988623213
2024-05-31,SYN069,0.012460390083468779
2024-06-30,SYN069,0.012584992631512472
2024-07-31,SYN069,0.013205364346759153
2024-08-31,SYN069,0.013356725889198028
2024-09-30,SYN069,0.013324897059118084
2024-10-31,SYN069,0.013348991396627236
2024-11-30,SYN069,0.013338120314647556
2024-12-31,SYN069,0.013205930656332238
2023-01-31,SYN070,0.01411658574391097
2023-02-28,SYN070,0.014208409028267976
2023-03-31,SYN070,0.014264580086628278
2023-04-30,SYN070,0.01248813487889481
2023-05-31,SYN070,0.012740211391679523
2023-06-30,SYN070,0.01294405164829256
2023-07-31,SYN070,0.014871384934046356
2023-08-31,SYN070,0.015076608369629615
2023-09-30,SYN070,0.015146147443743086
2023-10-31,SYN070,0.0154089212494889
2023-11-30,SYN070,0.015598811480143361
2023-12-31,SYN070,0.01558114667410591
2024-01-31,SYN070,0.014182679412938062
2024-02-29,SYN070,0.014166977854510047
2024-03-31,SYN070,0.014402745141047762
2024-04-30,SYN070,0.014871050524935453
2024-05-31,SYN070,0.014657844925825433
2024-06-30,SYN070,0.01440606843342943
2024-07-31,SYN070,0.013867564257298817
2024-08-31,SYN070,0.013948173216580147
2024-09-30,SYN070,0.013928736669254342
2024-10-31,SYN070,0.01312953748296065
2024-11-30,SYN070,0.013040268442010429
2024-12-31,SYN070,0.012743323486119075
2023-01-31,SYN071,0.014240371164893056
2023-02-28,SYN071,0.01431852298068719
2023-03-31,SYN071,0.014228237273828773
2023-04-30,SYN071,0.012755780965097288
2023-05-31,SYN071,0.012984482846817033
2023-06-30,SYN071,0.012909193863550513
2023-07-31,SYN071,0.012956574429001002
2023-08-31,SYN071,0.013161827440435678
2023-09-30,SYN071,0.013091228509212703
2023-10-31,SYN071,0.013396007393538552
2023-11-30,SYN071,0.013269267923947486
2023-12-31,SYN071,0.013228751324661538
2024-01-31,SYN071,0.015333013987671024
2024-02-29,SYN071,0.01503236453084994
2024-03-31,SYN071,0.01474867785971783
2024-04-30,SYN071,0.013385425547188549
2024-05-31,SYN071,0.013660936323979491
2024-06-30,SYN071,0.013745868703188176
2024-07-31,SYN071,0.013816463454210493
2024-08-31,SYN071,0.013934002135668786
2024-09-30,SYN071,0.013788347961626812
2024-10-31,SYN071,0.01367916348874995
2024-11-30,SYN071,0.01382113579247433
2024-12-31,SYN071,0.013649586617841342
2023-01-31,SYN072,0.012865042274179183
2023-02-28,SYN072,0.012932878729676743
2023-03-31,SYN072,0.012902746118991799
2023-04-30,SYN072,0.013503745895606887
2023-05-31,SYN072,0.013284093066698957
2023-06-30,SYN072,0.013300722197015096
2023-07-31,SYN072,0.012329178626629083
2023-08-31,SYN072,0.012273064053665319
2023-09-30,SYN072,0.01232645865185068
2023-10-31,SYN072,0.011657565767359799
2023-11-30,SYN072,0.01159756747183796
2023-12-31,SYN072,0.011747300353807716
2024-01-31,SYN072,0.009693024023059247
2024-02-29,SYN072,0.009460146620615156
2024-03-31,SYN072,0.009121796606650969
2024-04-30,SYN072,0.010172797805448398
2024-05-31,SYN072,0.012334196845958574
2024-06-30,SYN072,0.012470445090827066
2024-07-31,SYN072,0.011771416448491728
2024-08-31,SYN072,0.011667386751722226
2024-09-30,SYN072,0.01211265753543418
2024-10-31,SYN072,0.010934230752288103
2024-11-30,SYN072,0.010668466187115326
2024-12-31,SYN072,0.01068723282386388
2023-01-31,SYN073,0.010797680165647233
2023-02-28,SYN073,0.01107357565439573
2023-03-31,SYN073,0.011354078372835181
2023-04-30,SYN073,0.011192103597323201
2023-05-31,SYN073,0.01126052590094103
2023-06-30,SYN073,0.01126126598583024
2023-07-31,SYN073,0.0132896322249718
2023-08-31,SYN073,0.013461797050758954
2023-09-30,SYN073,0.013518651689096613
2023-10-31,SYN073,0.011807060301165292
2023-11-30,SYN073,0.011969442908534278
2023-12-31,SYN073,0.011789947823620868
2024-01-31,SYN073,0.012586205653302025
2024-02-29,SYN073,0.013032379504946059
2024-03-31,SYN073,0.012921370245501676
2024-04-30,SYN073,0.01308877816768531
2024-05-31,SYN073,0.013412117306396586
2024-06-30,SYN073,0.013458946523277933
2024-07-31,SYN073,0.012374669189279812
2024-08-31,SYN073,0.012362818633854137
2024-09-30,SYN073,0.012485910380260886
2024-10-31,SYN073,0.011004795375515351
2024-11-30,SYN073,0.011251433654601975
2024-12-31,SYN073,0.01065725906952317
2023-01-31,SYN074,0.011261679341836806
2023-02-28,SYN074,0.011056596510264216
2023-03-31,SYN074,0.011287134785678131
2023-04-30,SYN074,0.011197966772486516
2023-05-31,SYN074,0.011580767494601516
2023-06-30,SYN074,0.011839455260674358
2023-07-31,SYN074,0.010014870384239866
2023-08-31,SYN074,0.01025097985017026
2023-09-30,SYN074,0.010202270604797123
2023-10-31,SYN074,0.010648537921249033
2023-11-30,SYN074,0.010763010589251696
2023-12-31,SYN074,0.010737655286576563
2024-01-31,SYN074,0.008925669146981485
2024-02-29,SYN074,0.008659276874135381
2024-03-31,SYN074,0.008445171519979864
2024-04-30,SYN074,0.00984255730418418
2024-05-31,SYN074,0.011579465742690935
2024-06-30,SYN074,0.011540573940959104
2024-07-31,SYN074,0.012189049446030137
2024-08-31,SYN074,0.012313264472783662
2024-09-30,SYN074,0.012128771645104622
2024-10-31,SYN074,0.012304214087647926
2024-11-30,SYN074,0.012456371556360903
2024-12-31,SYN074,0.012500857408888072
2023-01-31,SYN075,0.01113107068591791
2023-02-28,SYN075,0.011127904816610818
2023-03-31,SYN075,0.011085033160008785
2023-04-30,SYN075,0.011067871851253592
2023-05-31,SYN075,0.011012421779838232
2023-06-30,SYN075,0.011033943944584861
2023-07-31,SYN075,0.012258124759926775
2023-08-31,SYN075,0.012296679392748486
2023-09-30,SYN075,0.012141003844774002
2023-10-31,SYN075,0.012794942615871904
2023-11-30,SYN075,0.012677050260973304
2023-12-31,SYN075,0.012434340264060817
2024-01-31,SYN075,0.012282458900312172
2024-02-29,SYN075,0.012243971231348834
2024-03-31,SYN075,0.012245405107257619
2024-04-30,SYN075,0.013140605829517907
2024-05-31,SYN075,0.013126814053015606
2024-06-30,SYN075,0.013349951441357637
2024-07-31,SYN075,0.011957888204061615
2024-08-31,SYN075,0.012612080936828935
2024-09-30,SYN075,0.012388841298117905
2024-10-31,SYN075,0.012871936957392787
2024-11-30,SYN075,0.012863172959444048
2024-12-31,SYN075,0.012743859097082068
2023-01-31,SYN076,0.009277139476164766
2023-02-28,SYN076,0.009112209013292445
2023-03-31,SYN076,0.009574864423683098
2023-04-30,SYN076,0.008794788895881563
2023-05-31,SYN076,0.008509273262024431
2023-06-30,SYN076,0.00818747094583147
2023-07-31,SYN076,0.010990316359792309
2023-08-31,SYN076,0.010428922722930434
2023-09-30,SYN076,0.01044737832837387
2023-10-31,SYN076,0.00729866022019957
2023-11-30,SYN076,0.007425520526414179
2023-12-31,SYN076,0.006815266036477276
2024-01-31,SYN076,0.006112691787405242
2024-02-29,SYN076,0.005838543902010735
2024-03-31,SYN076,0.006325545860987558
2024-04-30,SYN076,0.009239320959774646
2024-05-31,SYN076,0.009185184817543105
2024-06-30,SYN076,0.009600231736265029
2024-07-31,SYN076,0.009831237586543879
2024-08-31,SYN076,0.009835618647183283
2024-09-30,SYN076,0.009580440962518996
2024-10-31,SYN076,0.007774714628161463
2024-11-30,SYN076,0.008212938791935277
2024-12-31,SYN076,0.007386789525500028
2023-01-31,SYN077,0.012479835340653257
2023-02-28,SYN077,0.012260016928291715
2023-03-31,SYN077,0.012330616931313034
2023-04-30,SYN077,0.010783784489153105
2023-05-31,SYN077,0.009905588588707756
2023-06-30,SYN077,0.010185009393415994
2023-07-31,SYN077,0.012449935466387636
2023-08-31,SYN077,0.01238149063827747
2023-09-30,SYN077,0.012614947550960256
2023-10-31,SYN077,0.011816347072661808
2023-11-30,SYN077,0.010741094543315156
2023-12-31,SYN077,0.010436283820698842
2024-01-31,SYN077,0.009923777073450945
2024-02-29,SYN077,0.009799003147680434
2024-03-31,SYN077,0.010317512171382243
2024-04-30,SYN077,0.010824104937367674
2024-05-31,SYN077,0.010987434147962025
2024-06-30,SYN077,0.011071395876853173
2024-07-31,SYN077,0.008474796675045984
2024-08-31,SYN077,0.008386622674655099
2024-09-30,SYN077,0.00821400861237868
2024-10-31,SYN077,0.009590064627174114
2024-11-30,SYN077,0.010442884863149617
2024-12-31,SYN077,0.010392060315618916
2023-01-31,SYN078,0.007415804429349885
2023-02-28,SYN078,0.007912959285841185
2023-03-31,SYN078,0.008167248474734337
2023-04-30,SYN078,0.008061304253030067
2023-05-31,SYN078,0.007936769131179806
2023-06-30,SYN078,0.008584039521943584
2023-07-31,SYN078,0.007515548546422614
2023-08-31,SYN078,0.008541116133729112
2023-09-30,SYN078,0.008285810290791097
2023-10-31,SYN078,0.010956684838938162
2023-11-30,SYN078,0.011317752311325842
2023-12-31,SYN078,0.011420940484103354
2024-01-31,SYN078,0.010139620962381104
2024-02-29,SYN078,0.010530601278852336
2024-03-31,SYN078,0.01084704451382018
2024-04-30,SYN078,0.010809872892288814
2024-05-31,SYN078,0.010123379437860845
2024-06-30,SYN078,0.009915642275051558
2024-07-31,SYN078,0.010517030702794418
2024-08-31,SYN078,0.010963008687076685
2024-09-30,SYN078,0.01101012016241336
2024-10-31,SYN078,0.01079022854662914
2024-11-30,SYN078,0.011788735724297526
2024-12-31,SYN078,0.0115639932035843
2023-01-31,SYN079,0.010780669280790502
2023-02-28,SYN079,0.010823388448348934
2023-03-31,SYN079,0.01083386724480305
2023-04-30,SYN079,0.010354277542955276
2023-05-31,SYN079,0.010255597334606199
2023-06-30,SYN079,0.01073450933608629
2023-07-31,SYN079,0.005744479856482059
2023-08-31,SYN079,0.006717355633147679
2023-09-30,SYN079,0.006357275277985358
2023-10-31,SYN079,0.009002611779874489
2023-11-30,SYN079,0.009269353562811288
2023-12-31,SYN079,0.009494814240694973
2024-01-31,SYN079,0.009256348430944052
2024-02-29,SYN079,0.008992609393550146
2024-03-31,SYN079,0.008384937249802495
2024-04-30,SYN079,0.009365246144645466
2024-05-31,SYN079,0.009620996656572341
2024-06-30,SYN079,0.009916408909355344
2024-07-31,SYN079,0.006790472554803872
2024-08-31,SYN079,0.00643329536091113
2024-09-30,SYN079,0.006260420762462444
2024-10-31,SYN079,0.008812035103700391
2024-11-30,SYN079,0.009056083816184956
2024-12-31,SYN079,0.009530833724507096
2023-01-31,SYN080,0.013225561370283759
2023-02-28,SYN080,0.013222486902191247
2023-03-31,SYN080,0.013246581201585656
2023-04-30,SYN080,0.011419017426469093
2023-05-31,SYN080,0.01149556293787492
2023-06-30,SYN080,0.011555166583732594
2023-07-31,SYN080,0.012417697409813631
2023-08-31,SYN080,0.012109398931789793
2023-09-30,SYN080,0.011969998692010129
2023-10-31,SYN080,0.012024217738305018
2023-11-30,SYN080,0.011850233909293548
2023-12-31,SYN080,0.012060431313780626
2024-01-31,SYN080,0.012496157793872998
2024-02-29,SYN080,0.012071560251714422
2024-03-31,SYN080,0.012434164491368006
2024-04-30,SYN080,0.011353118694757417
2024-05-31,SYN080,0.010758593675943813
2024-06-30,SYN080,0.010298155013144948
2024-07-31,SYN080,0.010189460256257171
2024-08-31,SYN080,0.010609026572499526
2024-09-30,SYN080,0.010505635422874042
2024-10-31,SYN080,0.010354622305807444
2024-11-30,SYN080,0.010377144289299403
2024-12-31,SYN080,0.010182395949941574
2023-01-31,SYN081,0.011078145600937511
2023-02-28,SYN081,0.010900061838422823
2023-03-31,SYN081,0.011059395120271825
2023-04-30,SYN081,0.011815466884059437
2023-05-31,SYN081,0.011631925217138107
2023-06-30,SYN081,0.011450605579758034
2023-07-31,SYN081,0.011703505129300455
2023-08-31,SYN081,0.010280627774469055
2023-09-30,SYN081,0.010345367201633142
2023-10-31,SYN081,0.009435633491750358
2023-11-30,SYN081,0.009439534615685627
2023-12-31,SYN081,0.009324299464859239
2024-01-31,SYN081,0.008859786837835601
2024-02-29,SYN081,0.008485854903253362
2024-03-31,SYN081,0.008216874548089292
2024-04-30,SYN081,0.009765986027799165
2024-05-31,SYN081,0.00957055915229366
2024-06-30,SYN081,0.009628352235872273
2024-07-31,SYN081,0.008612981580883564
2024-08-31,SYN081,0.008800319697897891
2024-09-30,SYN081,0.008872950250051756
2024-10-31,SYN081,0.010640962111976073
2024-11-30,SYN081,0.010972748278888536
2024-12-31,SYN081,0.01122865911648047
2023-01-31,SYN082,0.012194560116721253
2023-02-28,SYN082,0.011961822907813741
2023-03-31,SYN082,0.012158322057626134
2023-04-30,SYN082,0.012552076525027553
2023-05-31,SYN082,0.012437047880070322
2023-06-30,SYN082,0.01270179553037185
2023-07-31,SYN082,0.013237594898493216
2023-08-31,SYN082,0.013493887550602365
2023-09-30,SYN082,0.013542527420901843
2023-10-31,SYN082,0.011161365386179503
2023-11-30,SYN082,0.011176707617481386
2023-12-31,SYN082,0.011166526060150596
2024-01-31,SYN082,0.013037742108089136
2024-02-29,SYN082,0.01280119907484791
2024-03-31,SYN082,0.012657123634690648
2024-04-30,SYN082,0.012616673052727971
2024-05-31,SYN082,0.011497461752494047
2024-06-30,SYN082,0.011159769953523
2024-07-31,SYN082,0.01214714422095462
2024-08-31,SYN082,0.012183597887472608
2024-09-30,SYN082,0.012005298622496323
2024-10-31,SYN082,0.012487391368479669
2024-11-30,SYN082,0.013542198157266866
2024-12-31,SYN082,0.013580075649163624
2023-01-31,SYN083,0.011932469683637346
2023-02-28,SYN083,0.011957919710742875
2023-03-31,SYN083,0.011945278355569527
2023-04-30,SYN083,0.013834408367218921
2023-05-31,SYN083,0.01399235591290757
2023-06-30,SYN083,0.013969352672738237
2023-07-31,SYN083,0.012235774121010136
2023-08-31,SYN083,0.01215600255817808
2023-09-30,SYN083,0.011921498772807178
2023-10-31,SYN083,0.010973094851441094
2023-11-30,SYN083,0.01074136822463684
2023-12-31,SYN083,0.011176994857523048
2024-01-31,SYN083,0.011294209064455645
2024-02-29,SYN083,0.011015414297830607
2024-03-31,SYN083,0.011279741749586169
2024-04-30,SYN083,0.010203539233057021
2024-05-31,SYN083,0.010871386806038292
2024-06-30,SYN083,0.011070546155995382
2024-07-31,SYN083,0.009755791899302787
2024-08-31,SYN083,0.009447912920464811
2024-09-30,SYN083,0.009408987238939466
2024-10-31,SYN083,0.010787790437551504
2024-11-30,SYN083,0.011218100397482762
2024-12-31,SYN083,0.011327529559757783
2023-01-31,SYN084,0.010522903758413164
2023-02-28,SYN084,0.010365813100420897
2023-03-31,SYN084,0.010650213157473764
2023-04-30,SYN084,0.010925063331536311
2023-05-31,SYN084,0.011037931450390084
2023-06-30,SYN084,0.011103747989236636
2023-07-31,SYN084,0.011786400628974814
2023-08-31,SYN084,0.011595298074549261
2023-09-30,SYN084,0.011513663196326051
2023-10-31,SYN084,0.011164696339699867
2023-11-30,SYN084,0.010985303386776649
2023-12-31,SYN084,0.010996388384214843
2024-01-31,SYN084,0.013041000515055325
2024-02-29,SYN084,0.01281625834296124
2024-03-31,SYN084,0.012827008163118974
2024-04-30,SYN084,0.013542494430395045
2024-05-31,SYN084,0.013277858564468184
2024-06-30,SYN084,0.013206203016270863
2024-07-31,SYN084,0.0135524396029727
2024-08-31,SYN084,0.013525137334059982
2024-09-30,SYN084,0.01361975588256604
2024-10-31,SYN084,0.011882663954755023
2024-11-30,SYN084,0.01166974517214118
2024-12-31,SYN084,0.012037459728096559
2023-01-31,SYN085,0.012127980329834722
2023-02-28,SYN085,0.012277263676027803
2023-03-31,SYN085,0.012330974456589006
2023-04-30,SYN085,0.0126991779324072
2023-05-31,SYN085,0.01239417519652309
2023-06-30,SYN085,0.01236622137056616
2023-07-31,SYN085,0.01252512334385442
2023-08-31,SYN085,0.0124153225436062
2023-09-30,SYN085,0.01242150531533023
2023-10-31,SYN085,0.012969667752645806
2023-11-30,SYN085,0.01297051029825329
2023-12-31,SYN085,0.01288579250475461
2024-01-31,SYN085,0.012819590447166945
2024-02-29,SYN085,0.012741177221009512
2024-03-31,SYN085,0.012452331832158449
2024-04-30,SYN085,0.012435493553312277
2024-05-31,SYN085,0.012258328278845841
2024-06-30,SYN085,0.011996893670658749
2024-07-31,SYN085,0.01256651679328679
2024-08-31,SYN085,0.012405885980740439
2024-09-30,SYN085,0.012302469864747586
2024-10-31,SYN085,0.01195386254143736
2024-11-30,SYN085,0.01185965232099
2024-12-31,SYN085,0.011730743143203775
2023-01-31,SYN086,0.008065961118557362
2023-02-28,SYN086,0.007723908039137355
2023-03-31,SYN086,0.007751588802081705
2023-04-30,SYN086,0.008119482033272386
2023-05-31,SYN086,0.007956450721117626
2023-06-30,SYN086,0.008091303203245779
2023-07-31,SYN086,0.009553448991124647
2023-08-31,SYN086,0.009594755670884275
2023-09-30,SYN086,0.009613502814042808
2023-10-31,SYN086,0.008874405230557427
2023-11-30,SYN086,0.008574391558539923
2023-12-31,SYN086,0.009262505917502247
2024-01-31,SYN086,0.008249389882612954
2024-02-29,SYN086,0.008434141797751205
2024-03-31,SYN086,0.00852457377058402
2024-04-30,SYN086,0.010648170555874012
2024-05-31,SYN086,0.009677986403030251
2024-06-30,SYN086,0.009793131190023884
2024-07-31,SYN086,0.010129981551991202
2024-08-31,SYN086,0.010163331456027092
2024-09-30,SYN086,0.009975949016625175
2024-10-31,SYN086,0.010806636915336591
2024-11-30,SYN086,0.01088485419545924
2024-12-31,SYN086,0.01102146955158228
2023-01-31,SYN087,0.01462748144146665
2023-02-28,SYN087,0.014390937441134101
2023-03-31,SYN087,0.01426487369860878
2023-04-30,SYN087,0.012601280775598517
2023-05-31,SYN087,0.012425662079757748
2023-06-30,SYN087,0.012488637580456062
2023-07-31,SYN087,0.010842378834570841
2023-08-31,SYN087,0.011272359804508386
2023-09-30,SYN087,0.011136986121043914
2023-10-31,SYN087,0.011333889529517732
2023-11-30,SYN087,0.011349382226044287
2023-12-31,SYN087,0.011400193759025616
2024-01-31,SYN087,0.011501340837304336
2024-02-29,SYN087,0.011619492347154528
2024-03-31,SYN087,0.011464046703093747
2024-04-30,SYN087,0.012974714386092118
2024-05-31,SYN087,0.013000844283135918
2024-06-30,SYN087,0.012841691645743813
2024-07-31,SYN087,0.01145282884302438
2024-08-31,SYN087,0.01146426546361382
2024-09-30,SYN087,0.01108023356977873
2024-10-31,SYN087,0.011348140929908532
2024-11-30,SYN087,0.011423487027329057
2024-12-31,SYN087,0.011516178718098579
2023-01-31,SYN088,0.011750911748479113
2023-02-28,SYN088,0.011879072139411279
2023-03-31,SYN088,0.011772867264668948
2023-04-30,SYN088,0.011872692191838336
2023-05-31,SYN088,0.01161528322932835
2023-06-30,SYN088,0.011657112979655026
2023-07-31,SYN088,0.012008557907311038
2023-08-31,SYN088,0.012077480125326012
2023-09-30,SYN088,0.012257627461549004
2023-10-31,SYN088,0.010820485355316718
2023-11-30,SYN088,0.010702972045299759
2023-12-31,SYN088,0.010487915062317853
2024-01-31,SYN088,0.012881449679616927
2024-02-29,SYN088,0.012653862614593064
2024-03-31,SYN088,0.012576571989509962
2024-04-30,SYN088,0.011625039443867077
2024-05-31,SYN088,0.011450325028632328
2024-06-30,SYN088,0.01137067939178155
2024-07-31,SYN088,0.01228342898685862
2024-08-31,SYN088,0.012288234109589624
2024-09-30,SYN088,0.012151320448288613
2024-10-31,SYN088,0.011160726747086496
2024-11-30,SYN088,0.011386508028819783
2024-12-31,SYN088,0.011409889264655975
2023-01-31,SYN089,0.012794460449697087
2023-02-28,SYN089,0.013128085286492277
2023-03-31,SYN089,0.013111270500235882
2023-04-30,SYN089,0.01433051551564416
2023-05-31,SYN089,0.014217731209322737
2023-06-30,SYN089,0.014110165612869869
2023-07-31,SYN089,0.013683475932465581
2023-08-31,SYN089,0.013758701933473923
2023-09-30,SYN089,0.013809415607644836
2023-10-31,SYN089,0.014811327733784563
2023-11-30,SYN089,0.015007953324366535
2023-12-31,SYN089,0.01508153709662784
2024-01-31,SYN089,0.014902259740153044
2024-02-29,SYN089,0.014351156673397385
2024-03-31,SYN089,0.014291499774152023
2024-04-30,SYN089,0.014304004134573514
2024-05-31,SYN089,0.014295438229587194
2024-06-30,SYN089,0.014186413006609812
2024-07-31,SYN089,0.014378065376102178
2024-08-31,SYN089,0.014633505146656131
2024-09-30,SYN089,0.0145949163282005
2024-10-31,SYN089,0.014816007644143023
2024-11-30,SYN089,0.014963837202038477
2024-12-31,SYN089,0.015017907498762884
2023-01-31,SYN090,0.010348727193032144
2023-02-28,SYN090,0.010367989070643756
2023-03-31,SYN090,0.010029042063714133
2023-04-30,SYN090,0.012918236922873697
2023-05-31,SYN090,0.012751878194235408
2023-06-30,SYN090,0.01266651029255402
2023-07-31,SYN090,0.013317243916093593
2023-08-31,SYN090,0.013044704346242638
2023-09-30,SYN090,0.01333961470407215
2023-10-31,SYN090,0.013585671158804097
2023-11-30,SYN090,0.013411494933978467
2023-12-31,SYN090,0.013559175783449604
2024-01-31,SYN090,0.014270347945741033
2024-02-29,SYN090,0.014377665836711469
2024-03-31,SYN090,0.014444473884641831
2024-04-30,SYN090,0.013558140246300854
2024-05-31,SYN090,0.01366960207343297
2024-06-30,SYN090,0.013574276425015014
2024-07-31,SYN090,0.014236915784909106
2024-08-31,SYN090,0.014306007018659283
2024-09-30,SYN090,0.01430598193413368
2024-10-31,SYN090,0.012299384724058553
2024-11-30,SYN090,0.012319883426230895
2024-12-31,SYN090,0.012196861386070276
2023-01-31,SYN091,0.014221963531279845
2023-02-28,SYN091,0.014265460359427988
2023-03-31,SYN091,0.01431590091934748
2023-04-30,SYN091,0.013776763864464433
2023-05-31,SYN091,0.01374559645237051
2023-06-30,SYN091,0.013668754415847579
2023-07-31,SYN091,0.011851086987832573
2023-08-31,SYN091,0.014276901649518179
2023-09-30,SYN091,0.01417619976436652
2023-10-31,SYN091,0.01536979249097332
2023-11-30,SYN091,0.015442565598773817
2023-12-31,SYN091,0.015555994927646425
2024-01-31,SYN091,0.013651716485946977
2024-02-29,SYN091,0.013944276230829288
2024-03-31,SYN091,0.013944024638263424
2024-04-30,SYN091,0.0138988847589669
2024-05-31,SYN091,0.013797675395292109
2024-06-30,SYN091,0.013423445603985678
2024-07-31,SYN091,0.013360611510925395
2024-08-31,SYN091,0.01359509577782849
2024-09-30,SYN091,0.013740053353397768
2024-10-31,SYN091,0.013691968931125073
2024-11-30,SYN091,0.014182805257620763
2024-12-31,SYN091,0.014429808653683518
2023-01-31,SYN092,0.01286508366764081
2023-02-28,SYN092,0.012831188127998263
2023-03-31,SYN092,0.012604094426158109
2023-04-30,SYN092,0.012127157921427021
2023-05-31,SYN092,0.01177052200309491
2023-06-30,SYN092,0.011842095115246823
2023-07-31,SYN092,0.013143811541347984
2023-08-31,SYN092,0.013225023485597055
2023-09-30,SYN092,0.013171034627499526
2023-10-31,SYN092,0.011740883604972743
2023-11-30,SYN092,0.010902895324146702
2023-12-31,SYN092,0.010744349466767328
2024-01-31,SYN092,0.012638158999766275
2024-02-29,SYN092,0.01236461117164037
2024-03-31,SYN092,0.012178317265356082
2024-04-30,SYN092,0.012037708695748914
2024-05-31,SYN092,0.011907667511762712
2024-06-30,SYN092,0.01189698336783786
2024-07-31,SYN092,0.012340379533591465
2024-08-31,SYN092,0.012410583455856853
2024-09-30,SYN092,0.012509387676160034
2024-10-31,SYN092,0.012707376173538296
2024-11-30,SYN092,0.012759497944024244
2024-12-31,SYN092,0.012841407010886964
2023-01-31,SYN093,0.011497758740054953
2023-02-28,SYN093,0.011267073828378205
2023-03-31,SYN093,0.011353535201058106
2023-04-30,SYN093,0.01296790162347882
2023-05-31,SYN093,0.01255405813060597
2023-06-30,SYN093,0.012642303709296485
2023-07-31,SYN093,0.013697189410205408
2023-08-31,SYN093,0.013730649746391667
2023-09-30,SYN093,0.013472109883979042
2023-10-31,SYN093,0.013946181257851024
2023-11-30,SYN093,0.013924508013498416
2023-12-31,SYN093,0.014090266263382537
2024-01-31,SYN093,0.014910548972780399
2024-02-29,SYN093,0.014536533858497135
2024-03-31,SYN093,0.014401095974580353
2024-04-30,SYN093,0.014942052150315775
2024-05-31,SYN093,0.014669735745622355
2024-06-30,SYN093,0.01482283397785202
2024-07-31,SYN093,0.014278422661014877
2024-08-31,SYN093,0.014407574421007444
2024-09-30,SYN093,0.014456895038946557
2024-10-31,SYN093,0.014641208553400573
2024-11-30,SYN093,0.014615468180082272
2024-12-31,SYN093,0.014587522132883139
2023-01-31,SYN094,0.011871157994609614
2023-02-28,SYN094,0.011785705946631505
2023-03-31,SYN094,0.011959501688067822
2023-04-30,SYN094,0.012412674493694558
2023-05-31,SYN094,0.012683865320499319
2023-06-30,SYN094,0.012831688145361434
2023-07-31,SYN094,0.012567295257189706
2023-08-31,SYN094,0.011381183358786894
2023-09-30,SYN094,0.01164786403043986
2023-10-31,SYN094,0.011124920177669277
2023-11-30,SYN094,0.011398917848611403
2023-12-31,SYN094,0.011526837423506336
2024-01-31,SYN094,0.011448342343077308
2024-02-29,SYN094,0.011218243098871893
2024-03-31,SYN094,0.011217011503771607
2024-04-30,SYN094,0.010725217213760822
2024-05-31,SYN094,0.010812593266873779
2024-06-30,SYN094,0.01080368120863541
2024-07-31,SYN094,0.010342387644899965
2024-08-31,SYN094,0.01049900394081273
2024-09-30,SYN094,0.010507823649041681
2024-10-31,SYN094,0.010206776162087459
2024-11-30,SYN094,0.010148550514358994
2024-12-31,SYN094,0.010388805155700157
2023-01-31,SYN095,0.01362137003223064
2023-02-28,SYN095,0.013818124328830778
2023-03-31,SYN095,0.013850004166446005
2023-04-30,SYN095,0.013514871321053418
2023-05-31,SYN095,0.013583124705211419
2023-06-30,SYN095,0.013699458295853856
2023-07-31,SYN095,0.015116648601227758
2023-08-31,SYN095,0.015283988211722917
2023-09-30,SYN095,0.015172187162245216
2023-10-31,SYN095,0.014697280609058552
2023-11-30,SYN095,0.014937663958128834
2023-12-31,SYN095,0.014841989626155419
2024-01-31,SYN095,0.01390975436010296
2024-02-29,SYN095,0.013785112333274691
2024-03-31,SYN095,0.01374051575049789
2024-04-30,SYN095,0.013476338649861773
2024-05-31,SYN095,0.013449932835059008
2024-06-30,SYN095,0.013440078926206883
2024-07-31,SYN095,0.013819517007218039
2024-08-31,SYN095,0.013903039339382424
2024-09-30,SYN095,0.013902083381310309
2024-10-31,SYN095,0.01462143991702875
2024-11-30,SYN095,0.014613546290270328
2024-12-31,SYN095,0.014555166325326576
2023-01-31,SYN096,0.012789482172907006
2023-02-28,SYN096,0.012699200031108351
2023-03-31,SYN096,0.012670414670044889
2023-04-30,SYN096,0.011863153179299799
2023-05-31,SYN096,0.012105489143797835
2023-06-30,SYN096,0.01208153999628177
2023-07-31,SYN096,0.012112039165295498
2023-08-31,SYN096,0.012153474576377783
2023-09-30,SYN096,0.012216233074549786
2023-10-31,SYN096,0.01204697861070605
2023-11-30,SYN096,0.011950275798903927
2023-12-31,SYN096,0.011878731976801598
2024-01-31,SYN096,0.010655281364456677
2024-02-29,SYN096,0.010484856618236019
2024-03-31,SYN096,0.010325086305641969
2024-04-30,SYN096,0.01095509920458898
2024-05-31,SYN096,0.011250460262071231
2024-06-30,SYN096,0.01118330614567187
2024-07-31,SYN096,0.007983719072047868
2024-08-31,SYN096,0.007418971452078495
2024-09-30,SYN096,0.007444053169621997
2024-10-31,SYN096,0.012816582550107373
2024-11-30,SYN096,0.012879502684148475
2024-12-31,SYN096,0.012999266060661723
2023-01-31,SYN097,0.012947206664695713
2023-02-28,SYN097,0.012870468572225697
2023-03-31,SYN097,0.012901401185998371
2023-04-30,SYN097,0.012991853930316315
2023-05-31,SYN097,0.013164637326664596
2023-06-30,SYN097,0.013014469397206832
2023-07-31,SYN097,0.012196530513004346
2023-08-31,SYN097,0.012216965030848981
2023-09-30,SYN097,0.012026774573362247
2023-10-31,SYN097,0.012727375013213794
2023-11-30,SYN097,0.012541076477206746
2023-12-31,SYN097,0.012690946002949045
2024-01-31,SYN097,0.011921764198367941
2024-02-29,SYN097,0.01330552072542927
2024-03-31,SYN097,0.013410707335498009
2024-04-30,SYN097,0.012888732361191885
2024-05-31,SYN097,0.012614475146897432
2024-06-30,SYN097,0.012501741250008445
2024-07-31,SYN097,0.010561030166052192
2024-08-31,SYN097,0.01055903692390219
2024-09-30,SYN097,0.01078682470747354
2024-10-31,SYN097,0.011743921556939381
2024-11-30,SYN097,0.01161821830836072
2024-12-31,SYN097,0.011768999813417044
2023-01-31,SYN098,0.01472724604183234
2023-02-28,SYN098,0.014518491962592655
2023-03-31,SYN098,0.01430310415727886
2023-04-30,SYN098,0.015384994164133404
2023-05-31,SYN098,0.015235724850809476
2023-06-30,SYN098,0.015287599084421281
2023-07-31,SYN098,0.015799217301595076
2023-08-31,SYN098,0.015610264200088875
2023-09-30,SYN098,0.015481755107264373
2023-10-31,SYN098,0.01604358012969164
2023-11-30,SYN098,0.01625420347467633
2023-12-31,SYN098,0.01619935780821936
2024-01-31,SYN098,0.015227024465231928
2024-02-29,SYN098,0.015089674059075589
2024-03-31,SYN098,0.01515132561360623
2024-04-30,SYN098,0.015974517051761186
2024-05-31,SYN098,0.015978361236280346
2024-06-30,SYN098,0.015827271467826233
2024-07-31,SYN098,0.014771137489881432
2024-08-31,SYN098,0.015227741054257593
2024-09-30,SYN098,0.015248295574310842
2024-10-31,SYN098,0.014345295097992702
2024-11-30,SYN098,0.014492370585156997
2024-12-31,SYN098,0.014698308805052426
2023-01-31,SYN099,0.012702924268547888
2023-02-28,SYN099,0.012720546971428385
2023-03-31,SYN099,0.012787335467322341
2023-04-30,SYN099,0.011372601925600538
2023-05-31,SYN099,0.011306307879365691
2023-06-30,SYN099,0.01127961930276879
2023-07-31,SYN099,0.012011341848881169
2023-08-31,SYN099,0.011985121169738556
2023-09-30,SYN099,0.011960058193392962
2023-10-31,SYN099,0.012218439240035522
2023-11-30,SYN099,0.012261248974708665
2023-12-31,SYN099,0.01229310766636745
2024-01-31,SYN099,0.012691082173979592
2024-02-29,SYN099,0.012604055945310638
2024-03-31,SYN099,0.012521291657007275
2024-04-30,SYN099,0.011365865145529333
2024-05-31,SYN099,0.011466469812668077
2024-06-30,SYN099,0.011381517430643459
2024-07-31,SYN099,0.012770628106059733
2024-08-31,SYN099,0.013097586177805062
2024-09-30,SYN099,0.01314154152254278
2024-10-31,SYN099,0.014449251651721933
2024-11-30,SYN099,0.01404099329077527
2024-12-31,SYN099,0.013839288515631796
2023-01-31,SYN100,0.01379188094374542
2023-02-28,SYN100,0.013911212919588262
2023-03-31,SYN100,0.013800712136526627
2023-04-30,SYN100,0.010828651540198311
2023-05-31,SYN100,0.011452797521867935
2023-06-30,SYN100,0.011614833245412834
2023-07-31,SYN100,0.013714321074505135
2023-08-31,SYN100,0.014064553361673195
2023-09-30,SYN100,0.013962812860055978
2023-10-31,SYN100,0.014873557508672577
2023-11-30,SYN100,0.015221391487430853
2023-12-31,SYN100,0.015155795498321096
2024-01-31,SYN100,0.014650266005753802
2024-02-29,SYN100,0.014444824830352239
2024-03-31,SYN100,0.014406949897774798
2024-04-30,SYN100,0.015206992488890451
2024-05-31,SYN100,0.015065811108812971
2024-06-30,SYN100,0.015100064282321947
2024-07-31,SYN100,0.015621578125250914
2024-08-31,SYN100,0.01590752308851871
2024-09-30,SYN100,0.01602607689901052
2024-10-31,SYN100,0.01612799881294169
2024-11-30,SYN100,0.014746557194818814
2024-12-31,SYN100,0.014463971843106374
2023-01-31,SYN101,0.014498976090754737
2023-02-28,SYN101,0.014722083422103975
2023-03-31,SYN101,0.014789270703452574
2023-04-30,SYN101,0.01317681370090419
2023-05-31,SYN101,0.013316660029470085
2023-06-30,SYN101,0.013637919746533977
2023-07-31,SYN101,0.013113341855708508
2023-08-31,SYN101,0.013274318634511603
2023-09-30,SYN101,0.013329881913444995
2023-10-31,SYN101,0.013288825224339402
2023-11-30,SYN101,0.013182473318106219
2023-12-31,SYN101,0.013205672750004964
2024-01-31,SYN101,0.013931448337104392
2024-02-29,SYN101,0.013709888081763906
2024-03-31,SYN101,0.013921115204900494
2024-04-30,SYN101,0.01441730795940658
2024-05-31,SYN101,0.014327596266601333
2024-06-30,SYN101,0.014482503845180301
2024-07-31,SYN101,0.014224835375256813
2024-08-31,SYN101,0.014262185750075174
2024-09-30,SYN101,0.014351955394723982
2024-10-31,SYN101,0.012407664220150478
2024-11-30,SYN101,0.012366424301505675
2024-12-31,SYN101,0.012658879479089252
2023-01-31,SYN102,0.014099313016808925
2023-02-28,SYN102,0.01412631146486497
2023-03-31,SYN102,0.01416689673209139
2023-04-30,SYN102,0.013841475100907615
2023-05-31,SYN102,0.014012300178348952
2023-06-30,SYN102,0.013968898894315674
2023-07-31,SYN102,0.01394941122958902
2023-08-31,SYN102,0.013789571566878558
2023-09-30,SYN102,0.013837676022293185
2023-10-31,SYN102,0.014330034396942123
2023-11-30,SYN102,0.014319503076492782
2023-12-31,SYN102,0.014383000139905799
2024-01-31,SYN102,0.012584477375189897
2024-02-29,SYN102,0.012361835169722673
2024-03-31,SYN102,0.012757877892252774
2024-04-30,SYN102,0.01199630947386852
2024-05-31,SYN102,0.011768350407459771
2024-06-30,SYN102,0.011634655505153371
2024-07-31,SYN102,0.011740642278101319
2024-08-31,SYN102,0.012225082446258275
2024-09-30,SYN102,0.01245167380527163
2024-10-31,SYN102,0.013525290693738605
2024-11-30,SYN102,0.01351878938489877
2024-12-31,SYN102,0.013445433637205042
2023-01-31,SYN103,0.012710859466795572
2023-02-28,SYN103,0.012702795870586113
2023-03-31,SYN103,0.01269942078418217
2023-04-30,SYN103,0.011467461506012827
2023-05-31,SYN103,0.013069976870747112
2023-06-30,SYN103,0.01303267791962585
2023-07-31,SYN103,0.010835319248499762
2023-08-31,SYN103,0.010652367955087864
2023-09-30,SYN103,0.010643530428877175
2023-10-31,SYN103,0.011440939879890876
2023-11-30,SYN103,0.011127059184784672
2023-12-31,SYN103,0.010991167771246787
2024-01-31,SYN103,0.010979213238363244
2024-02-29,SYN103,0.01064777179126791
2024-03-31,SYN103,0.010888980979591316
2024-04-30,SYN103,0.010848148829278524
2024-05-31,SYN103,0.010369239980247297
2024-06-30,SYN103,0.010498759345707749
2024-07-31,SYN103,0.01244283887098593
2024-08-31,SYN103,0.012677267944971305
2024-09-30,SYN103,0.012454434334093292
2024-10-31,SYN103,0.012110852317770975
2024-11-30,SYN103,0.012116052055213336
2024-12-31,SYN103,0.012011295944282165
2023-01-31,SYN104,0.009605560058771846
2023-02-28,SYN104,0.00968633950906428
2023-03-31,SYN104,0.009730848298402744
2023-04-30,SYN104,0.010870015533074637
2023-05-31,SYN104,0.010638691968518877
2023-06-30,SYN104,0.010686145548708297
2023-07-31,SYN104,0.010230897506394084
2023-08-31,SYN104,0.010109304719581855
2023-09-30,SYN104,0.010703625341137907
2023-10-31,SYN104,0.010039526719660598
2023-11-30,SYN104,0.009729733480463609
2023-12-31,SYN104,0.009887184831950023
2024-01-31,SYN104,0.010566907935861972
2024-02-29,SYN104,0.01038198647927783
2024-03-31,SYN104,0.01036986056923227
2024-04-30,SYN104,0.009061746191450237
2024-05-31,SYN104,0.008172532040740308
2024-06-30,SYN104,0.0083461791602792
2024-07-31,SYN104,0.008526071202359431
2024-08-31,SYN104,0.008110962778083802
2024-09-30,SYN104,0.007612572280137087
2024-10-31,SYN104,0.010012067675254338
2024-11-30,SYN104,0.009837423546315352
2024-12-31,SYN104,0.009625455869213668
2023-01-31,SYN105,0.014797222014381169
2023-02-28,SYN105,0.014800393771994476
2023-03-31,SYN105,0.014791563921819002
2023-04-30,SYN105,0.014612865588535386
2023-05-31,SYN105,0.01447820956789411
2023-06-30,SYN105,0.014327907113114196
2023-07-31,SYN105,0.015091885829168438
2023-08-31,SYN105,0.015200686614292034
2023-09-30,SYN105,0.01519016156225736
2023-10-31,SYN105,0.014667357591145349
2023-11-30,SYN105,0.014863713249596332
2023-12-31,SYN105,0.014807291846224186
2024-01-31,SYN105,0.014272112201111797
2024-02-29,SYN105,0.0143319070423637
2024-03-31,SYN105,0.014339234978049061
2024-04-30,SYN105,0.013569707661696365
2024-05-31,SYN105,0.013510349583492837
2024-06-30,SYN105,0.013329436223725363
2024-07-31,SYN105,0.011954633691622998
2024-08-31,SYN105,0.012280074668707721
2024-09-30,SYN105,0.012378188607353945
2024-10-31,SYN105,0.011741061004162962
2024-11-30,SYN105,0.011593989254551577
2024-12-31,SYN105,0.011732612351184623
2023-01-31,SYN106,0.011541165006850635
2023-02-28,SYN106,0.011517472559602176
2023-03-31,SYN106,0.011296391231700342
2023-04-30,SYN106,0.012078243728640983
2023-05-31,SYN106,0.012172736580813153
2023-06-30,SYN106,0.012161969541440582
2023-07-31,SYN106,0.013362572960246837
2023-08-31,SYN106,0.013377235133518371
2023-09-30,SYN106,0.013240613122393103
2023-10-31,SYN106,0.012306565666971381
2023-11-30,SYN106,0.012356614414168377
2023-12-31,SYN106,0.012473242937250955
2024-01-31,SYN106,0.015306749659281454
2024-02-29,SYN106,0.01501071314399061
2024-03-31,SYN106,0.014876635688899867
2024-04-30,SYN106,0.013023305631291355
2024-05-31,SYN106,0.013860127757663399
2024-06-30,SYN106,0.0137333927112088
2024-07-31,SYN106,0.014824385843300767
2024-08-31,SYN106,0.014918343074205141
2024-09-30,SYN106,0.014969677497499268
2024-10-31,SYN106,0.012998951717337906
2024-11-30,SYN106,0.013369579855786148
2024-12-31,SYN106,0.013359488223790876
2023-01-31,SYN107,0.011587704529487515
2023-02-28,SYN107,0.011466133292163843
2023-03-31,SYN107,0.011588433237425514
2023-04-30,SYN107,0.012198357618003098
2023-05-31,SYN107,0.012144378214230114
2023-06-30,SYN107,0.012275370663543806
2023-07-31,SYN107,0.011258784347212888
2023-08-31,SYN107,0.011287194817221118
2023-09-30,SYN107,0.011217940611903357
2023-10-31,SYN107,0.010802238192691499
2023-11-30,SYN107,0.010780884463200208
2023-12-31,SYN107,0.011004549174945817
2024-01-31,SYN107,0.010582866179757098
2024-02-29,SYN107,0.010472787557266038
2024-03-31,SYN107,0.010547251939207178
2024-04-30,SYN107,0.01163269394013473
2024-05-31,SYN107,0.011818237713756294
2024-06-30,SYN107,0.01176232453742534
2024-07-31,SYN107,0.012258521154844671
2024-08-31,SYN107,0.012351676339251312
2024-09-30,SYN107,0.012440640802979021
2024-10-31,SYN107,0.011447817808378344
2024-11-30,SYN107,0.01037635658015481
2024-12-31,SYN107,0.01066857696806558
2023-01-31,SYN108,0.011284944381604
2023-02-28,SYN108,0.011310782807908915
2023-03-31,SYN108,0.011249454270817218
2023-04-30,SYN108,0.011199025461584185
2023-05-31,SYN108,0.011096337371481696
2023-06-30,SYN108,0.011184275342719575
2023-07-31,SYN108,0.012277890597035105
2023-08-31,SYN108,0.01238804611459442
2023-09-30,SYN108,0.01236356961895846
2023-10-31,SYN108,0.010427468322318913
2023-11-30,SYN108,0.010320665346802357
2023-12-31,SYN108,0.010083596550094255
2024-01-31,SYN108,0.01080389281352064
2024-02-29,SYN108,0.010349240338612023
2024-03-31,SYN108,0.010491274271886994
2024-04-30,SYN108,0.00993700650703282
2024-05-31,SYN108,0.009524649640544476
2024-06-30,SYN108,0.009808654454824935
2024-07-31,SYN108,0.011209610017490627
2024-08-31,SYN108,0.011206804259057577
2024-09-30,SYN108,0.01134772018465253
2024-10-31,SYN108,0.011062936278687395
2024-11-30,SYN108,0.0112420188981995
2024-12-31,SYN108,0.01129609800998735
2023-01-31,SYN109,0.011941092434732363
2023-02-28,SYN109,0.01288075293052329
2023-03-31,SYN109,0.012925035245833985
2023-04-30,SYN109,0.013858951482582451
2023-05-31,SYN109,0.01381424038979926
2023-06-30,SYN109,0.013873558758691088
2023-07-31,SYN109,0.012736528617610468
2023-08-31,SYN109,0.012854308031869283
2023-09-30,SYN109,0.01262549508150822
2023-10-31,SYN109,0.012340319974214607
2023-11-30,SYN109,0.012292593446434658
2023-12-31,SYN109,0.012190408349934616
2024-01-31,SYN109,0.0114988957345232
2024-02-29,SYN109,0.011570518585739575
2024-03-31,SYN109,0.011598870151722996
2024-04-30,SYN109,0.01145782816563113
2024-05-31,SYN109,0.011806541082411469
2024-06-30,SYN109,0.012191081970107301
2024-07-31,SYN109,0.01077759954047966
2024-08-31,SYN109,0.01058374709937754
2024-09-30,SYN109,0.010222708401629386
2024-10-31,SYN109,0.013092775831222073
2024-11-30,SYN109,0.01296592195059833
2024-12-31,SYN109,0.01284176789705975
2023-01-31,SYN110,0.010971587474561383
2023-02-28,SYN110,0.01109484710641867
2023-03-31,SYN110,0.010882893762051489
2023-04-30,SYN110,0.011482004247982583
2023-05-31,SYN110,0.011631167386883648
2023-06-30,SYN110,0.011534796966270753
2023-07-31,SYN110,0.010962219968452626
2023-08-31,SYN110,0.010833487841769216
2023-09-30,SYN110,0.010887735141909573
2023-10-31,SYN110,0.012690511316481209
2023-11-30,SYN110,0.012493237193225495
2023-12-31,SYN110,0.012419715341940684
2024-01-31,SYN110,0.013214591920552337
2024-02-29,SYN110,0.013222403975076527
2024-03-31,SYN110,0.013284409332603636
2024-04-30,SYN110,0.014011722570100974
2024-05-31,SYN110,0.01388242187390005
2024-06-30,SYN110,0.013902051171873186
2024-07-31,SYN110,0.014330338959577704
2024-08-31,SYN110,0.014467673722247262
2024-09-30,SYN110,0.01413490996239411
2024-10-31,SYN110,0.013751540737847436
2024-11-30,SYN110,0.013830864655904045
2024-12-31,SYN110,0.013751205392239306
2023-01-31,SYN111,0.012713937321573747
2023-02-28,SYN111,0.01270538682929658
2023-03-31,SYN111,0.012604623633277957
2023-04-30,SYN111,0.013392570257908624
2023-05-31,SYN111,0.013116987015461348
2023-06-30,SYN111,0.01278358423326318
2023-07-31,SYN111,0.012649957793010922
2023-08-31,SYN111,0.012901694632777532
2023-09-30,SYN111,0.01289316812053607
2023-10-31,SYN111,0.012102323111918884
2023-11-30,SYN111,0.01164793620918944
2023-12-31,SYN111,0.011380408828591844
2024-01-31,SYN111,0.014067304170864055
2024-02-29,SYN111,0.01383009368596134
2024-03-31,SYN111,0.01380496234896096
2024-04-30,SYN111,0.01390675551340903
2024-05-31,SYN111,0.013708424577338625
2024-06-30,SYN111,0.013662617948120044
2024-07-31,SYN111,0.01243376382375474
2024-08-31,SYN111,0.01168221347428753
2024-09-30,SYN111,0.011521605236251835
2024-10-31,SYN111,0.012521061690476886
2024-11-30,SYN111,0.012437965507222913
2024-12-31,SYN111,0.012451196537916891
2023-01-31,SYN112,0.01219102102565956
2023-02-28,SYN112,0.012158494010249626
2023-03-31,SYN112,0.011953576104661787
2023-04-30,SYN112,0.011421082377113983
2023-05-31,SYN112,0.010863298107409465
2023-06-30,SYN112,0.010530549569447881
2023-07-31,SYN112,0.00932647460563947
2023-08-31,SYN112,0.012399206314400885
2023-09-30,SYN112,0.01270990736636558
2023-10-31,SYN112,0.012287242560986598
2023-11-30,SYN112,0.0115411485537992
2023-12-31,SYN112,0.011568414601885844
2024-01-31,SYN112,0.010152581514488432
2024-02-29,SYN112,0.010280359089802623
2024-03-31,SYN112,0.010122682618840811
2024-04-30,SYN112,0.012269408548431235
2024-05-31,SYN112,0.012484982148871207
2024-06-30,SYN112,0.012625231272310643
2024-07-31,SYN112,0.013421603990864124
2024-08-31,SYN112,0.013650815670553346
2024-09-30,SYN112,0.013993689373374193
2024-10-31,SYN112,0.013426991374294928
2024-11-30,SYN112,0.013689602299079002
2024-12-31,SYN112,0.013875031201452283
2023-01-31,SYN113,0.012976787431024036
2023-02-28,SYN113,0.01324344281804313
2023-03-31,SYN113,0.013603849600555938
2023-04-30,SYN113,0.013233232559341241
2023-05-31,SYN113,0.012975486803749568
2023-06-30,SYN113,0.012790119018526768
2023-07-31,SYN113,0.012850807934073633
2023-08-31,SYN113,0.012841950580984168
2023-09-30,SYN113,0.012771968314916997
2023-10-31,SYN113,0.013512885299588395
2023-11-30,SYN113,0.013351123560631737
2023-12-31,SYN113,0.013432914390662349
2024-01-31,SYN113,0.013663225830253754
2024-02-29,SYN113,0.013552429482984489
2024-03-31,SYN113,0.013470694091505125
2024-04-30,SYN113,0.012197745311069949
2024-05-31,SYN113,0.01190048167927368
2024-06-30,SYN113,0.011801595705002875
2024-07-31,SYN113,0.012232265176444972
2024-08-31,SYN113,0.012318420618425398
2024-09-30,SYN113,0.01261610623653912
2024-10-31,SYN113,0.010126448722562919
2024-11-30,SYN113,0.010197081956963668
2024-12-31,SYN113,0.010223116408065138
2023-01-31,SYN114,0.011515219258315014
2023-02-28,SYN114,0.011410356269834155
2023-03-31,SYN114,0.011625999598375859
2023-04-30,SYN114,0.01397000591649403
2023-05-31,SYN114,0.01400879374380864
2023-06-30,SYN114,0.01391297256527443
2023-07-31,SYN114,0.011973892483131776
2023-08-31,SYN114,0.011657350679031654
2023-09-30,SYN114,0.01162524225219012
2023-10-31,SYN114,0.009711788057466605
2023-11-30,SYN114,0.010802929816437216
2023-12-31,SYN114,0.010911739235579861
2024-01-31,SYN114,0.012098304740228162
2024-02-29,SYN114,0.011802293115553813
2024-03-31,SYN114,0.011808816930824587
2024-04-30,SYN114,0.009489329509940123
2024-05-31,SYN114,0.01031723224236257
2024-06-30,SYN114,0.010021916695091787
2024-07-31,SYN114,0.011834479964847398
2024-08-31,SYN114,0.011396938098596111
2024-09-30,SYN114,0.011706589910819878
2024-10-31,SYN114,0.009337513393395846
2024-11-30,SYN114,0.008574034523428793
2024-12-31,SYN114,0.008631148130135241
2023-01-31,SYN115,0.011223507471404522
2023-02-28,SYN115,0.01140365191041629
2023-03-31,SYN115,0.01144555028419063
2023-04-30,SYN115,0.010916150728809868
2023-05-31,SYN115,0.010894798407186473
2023-06-30,SYN115,0.010905757390171422
2023-07-31,SYN115,0.011345343374743428
2023-08-31,SYN115,0.011399439830350369
2023-09-30,SYN115,0.011390815234081843
2023-10-31,SYN115,0.01107302854530532
2023-11-30,SYN115,0.011143129240255633
2023-12-31,SYN115,0.011296076742179913
2024-01-31,SYN115,0.011731806135807486
2024-02-29,SYN115,0.011790787324671453
2024-03-31,SYN115,0.011797812726900897
2024-04-30,SYN115,0.011820719781935354
2024-05-31,SYN115,0.01188590097938337
2024-06-30,SYN115,0.011835303910098316
2024-07-31,SYN115,0.012236176726917694
2024-08-31,SYN115,0.012183090527479028
2024-09-30,SYN115,0.012200081142678813
2024-10-31,SYN115,0.011327583989732357
2024-11-30,SYN115,0.010968699411873926
2024-12-31,SYN115,0.010972260792507514
2023-01-31,SYN116,0.01478687143706477
2023-02-28,SYN116,0.015005029680098444
2023-03-31,SYN116,0.014956103572577978
2023-04-30,SYN116,0.01605112652229141
2023-05-31,SYN116,0.016086202813359537
2023-06-30,SYN116,0.01609343390793306
2023-07-31,SYN116,0.015175299143997411
2023-08-31,SYN116,0.015166462676539273
2023-09-30,SYN116,0.014998533268369448
2023-10-31,SYN116,0.01471861959391271
2023-11-30,SYN116,0.014642423387977381
2023-12-31,SYN116,0.015027522991757414
2024-01-31,SYN116,0.014585805067557259
2024-02-29,SYN116,0.014466249913600158
2024-03-31,SYN116,0.014508653631134167
2024-04-30,SYN116,0.014734379876411935
2024-05-31,SYN116,0.014749600543014786
2024-06-30,SYN116,0.01469167950425495
2024-07-31,SYN116,0.014279604342402673
2024-08-31,SYN116,0.014561391044900982
2024-09-30,SYN116,0.01464687832827726
2024-10-31,SYN116,0.014103759790342922
2024-11-30,SYN116,0.014380202345720721
2024-12-31,SYN116,0.014397244118639897
2023-01-31,SYN117,0.013766006472234254
2023-02-28,SYN117,0.013226444355681216
2023-03-31,SYN117,0.013375059804792278
2023-04-30,SYN117,0.013098104942805614
2023-05-31,SYN117,0.01294646460395437
2023-06-30,SYN117,0.013427232694428687
2023-07-31,SYN117,0.012096471800916974
2023-08-31,SYN117,0.012195054598923838
2023-09-30,SYN117,0.012312888611629807
2023-10-31,SYN117,0.011787049394551519
2023-11-30,SYN117,0.011891438221706515
2023-12-31,SYN117,0.011848642862596239
2024-01-31,SYN117,0.012570803183196517
2024-02-29,SYN117,0.01236745285859021
2024-03-31,SYN117,0.012214977052528287
2024-04-30,SYN117,0.012986689268486586
2024-05-31,SYN117,0.012993948453657683
2024-06-30,SYN117,0.013219904937859506
2024-07-31,SYN117,0.013074622103494716
2024-08-31,SYN117,0.013362161615794215
2024-09-30,SYN117,0.013406212927288446
2024-10-31,SYN117,0.011514143560496883
2024-11-30,SYN117,0.011873377865892454
2024-12-31,SYN117,0.01163103616081646
2023-01-31,SYN118,0.012774687261377177
2023-02-28,SYN118,0.012635385665880383
2023-03-31,SYN118,0.012346102452358752
2023-04-30,SYN118,0.013411746225204458
2023-05-31,SYN118,0.013224014522614106
2023-06-30,SYN118,0.013223307556635634
2023-07-31,SYN118,0.013913428198355473
2023-08-31,SYN118,0.014056191804396649
2023-09-30,SYN118,0.013950870366733712
2023-10-31,SYN118,0.01428833905944075
2023-11-30,SYN118,0.01420346111575973
2023-12-31,SYN118,0.01407983105877063
2024-01-31,SYN118,0.015328703570965697
2024-02-29,SYN118,0.015268901896142838
2024-03-31,SYN118,0.015329316001028492
2024-04-30,SYN118,0.015141999708098068
2024-05-31,SYN118,0.015176131488540976
2024-06-30,SYN118,0.015023540219521427
2024-07-31,SYN118,0.014150812843580978
2024-08-31,SYN118,0.014221719629028066
2024-09-30,SYN118,0.014253744753757907
2024-10-31,SYN118,0.013527004957276123
2024-11-30,SYN118,0.013465892155709945
2024-12-31,SYN118,0.013493433313076262
2023-01-31,SYN119,0.011917423455169811
2023-02-28,SYN119,0.011968711758181455
2023-03-31,SYN119,0.0120143306247022
2023-04-30,SYN119,0.012862719567281392
2023-05-31,SYN119,0.01285030078369501
2023-06-30,SYN119,0.012748752289657392
2023-07-31,SYN119,0.013052718507074521
2023-08-31,SYN119,0.012357286474477338
2023-09-30,SYN119,0.012387383051739365
2023-10-31,SYN119,0.011918715125302001
2023-11-30,SYN119,0.01244993049540249
2023-12-31,SYN119,0.012300041820913725
2024-01-31,SYN119,0.012819158162303355
2024-02-29,SYN119,0.012651653403622759
2024-03-31,SYN119,0.012708691615742678
2024-04-30,SYN119,0.009841651363684221
2024-05-31,SYN119,0.009902590177891074
2024-06-30,SYN119,0.009403142437728686
2024-07-31,SYN119,0.01073471273468975
2024-08-31,SYN119,0.010609849308062975
2024-09-30,SYN119,0.010335615042602274
2024-10-31,SYN119,0.007969463947357367
2024-11-30,SYN119,0.008012273114025139
2024-12-31,SYN119,0.00783250802937746
2023-01-31,SYN120,0.008298763124876176
2023-02-28,SYN120,0.00846414692061985
2023-03-31,SYN120,0.008653136124022015
2023-04-30,SYN120,0.011438932678911854
2023-05-31,SYN120,0.011367755440280148
2023-06-30,SYN120,0.011075414350192922
2023-07-31,SYN120,0.009779350863751377
2023-08-31,SYN120,0.009670643898185229
2023-09-30,SYN120,0.009667700751168868
2023-10-31,SYN120,0.01038069926682682
2023-11-30,SYN120,0.01017153541985923
2023-12-31,SYN120,0.010066843081726208
2024-01-31,SYN120,0.009483557887778835
2024-02-29,SYN120,0.009473290663389186
2024-03-31,SYN120,0.009565184582426896
2024-04-30,SYN120,0.007428153379447286
2024-05-31,SYN120,0.007601971755238448
2024-06-30,SYN120,0.007603244061407765
2024-07-31,SYN120,0.01067268213789682
2024-08-31,SYN120,0.010997040212015854
2024-09-30,SYN120,0.010959155141118075
2024-10-31,SYN120,0.014569588045679753
2024-11-30,SYN120,0.014551099935065025
2024-12-31,SYN120,0.014412060715813753
2023-01-31,SYN121,0.01614304147520577
2023-02-28,SYN121,0.01576047166443074
2023-03-31,SYN121,0.015877201732705883
2023-04-30,SYN121,0.01566115753285027
2023-05-31,SYN121,0.015608898431648283
2023-06-30,SYN121,0.015424844868204987
2023-07-31,SYN121,0.014541687382162395
2023-08-31,SYN121,0.014755910278149183
2023-09-30,SYN121,0.014609440771435103
2023-10-31,SYN121,0.014420569635536753
2023-11-30,SYN121,0.014286557680633935
2023-12-31,SYN121,0.013889723426404564
2024-01-31,SYN121,0.014300045024652227
2024-02-29,SYN121,0.013939645585792405
2024-03-31,SYN121,0.013750900740379149
2024-04-30,SYN121,0.014142893348455685
2024-05-31,SYN121,0.014524929693362821
2024-06-30,SYN121,0.014822436396563062
2024-07-31,SYN121,0.012345457853009554
2024-08-31,SYN121,0.013025622430868853
2024-09-30,SYN121,0.012918409848388632
2024-10-31,SYN121,0.013925227928001889
2024-11-30,SYN121,0.01393871720500724
2024-12-31,SYN121,0.014008162642200069
2023-01-31,SYN122,0.010679772659673238
2023-02-28,SYN122,0.010130961509102416
2023-03-31,SYN122,0.01005926786691668
2023-04-30,SYN122,0.009566168260755837
2023-05-31,SYN122,0.009260404249240309
2023-06-30,SYN122,0.009514921860085762
2023-07-31,SYN122,0.009970082651280326
2023-08-31,SYN122,0.009412364291087829
2023-09-30,SYN122,0.010222725651052604
2023-10-31,SYN122,0.010326114084192593
2023-11-30,SYN122,0.01020752188933567
2023-12-31,SYN122,0.009778140821693817
2024-01-31,SYN122,0.010204297842509905
2024-02-29,SYN122,0.010199642485911953
2024-03-31,SYN122,0.010126165796296622
2024-04-30,SYN122,0.011156225036391406
2024-05-31,SYN122,0.010933261627103442
2024-06-30,SYN122,0.010866050696823906
2024-07-31,SYN122,0.012881099364701986
2024-08-31,SYN122,0.012937915969481042
2024-09-30,SYN122,0.012935010129951163
2024-10-31,SYN122,0.011459824145791138
2024-11-30,SYN122,0.01117241737255572
2024-12-31,SYN122,0.01096973429182875
2023-01-31,SYN123,0.014924747071376351
2023-02-28,SYN123,0.014717222772690731
2023-03-31,SYN123,0.014612513886035048
2023-04-30,SYN123,0.013198456691931397
2023-05-31,SYN123,0.012916359677573777
2023-06-30,SYN123,0.013122369080076607
2023-07-31,SYN123,0.011877725445923696
2023-08-31,SYN123,0.012169424352210667
2023-09-30,SYN123,0.012090757332018027
2023-10-31,SYN123,0.012982803577378568
2023-11-30,SYN123,0.011374137258835544
2023-12-31,SYN123,0.012023792677039763
2024-01-31,SYN123,0.01031360732753723
2024-02-29,SYN123,0.010208449280116763
2024-03-31,SYN123,0.009717341057485741
2024-04-30,SYN123,0.01041932136170008
2024-05-31,SYN123,0.011811431655887149
2024-06-30,SYN123,0.012207470145378223
2024-07-31,SYN123,0.013611521299853123
2024-08-31,SYN123,0.013586025568677346
2024-09-30,SYN123,0.013733716780228947
2024-10-31,SYN123,0.012720267375517999
2024-11-30,SYN123,0.012938620248254006
2024-12-31,SYN123,0.013219855095730444
2023-01-31,SYN124,0.013268705831571585
2023-02-28,SYN124,0.01331677008679975
2023-03-31,SYN124,0.013444091697635205
2023-04-30,SYN124,0.013212430478672963
2023-05-31,SYN124,0.013092659628404568
2023-06-30,SYN124,0.013145898943607787
2023-07-31,SYN124,0.012762083850067475
2023-08-31,SYN124,0.01277239536110669
2023-09-30,SYN124,0.012631671442204364
2023-10-31,SYN124,0.011903760670128206
2023-11-30,SYN124,0.012117154343329824
2023-12-31,SYN124,0.012117472005076466
2024-01-31,SYN124,0.012967065541505767
2024-02-29,SYN124,0.012964780845023132
2024-03-31,SYN124,0.013197100415288272
2024-04-30,SYN124,0.013690289072537512
2024-05-31,SYN124,0.013644941642948624
2024-06-30,SYN124,0.013615901606137536
2024-07-31,SYN124,0.011262479946889458
2024-08-31,SYN124,0.011251197357230245
2024-09-30,SYN124,0.011443483655798913
2024-10-31,SYN124,0.013189572420629467
2024-11-30,SYN124,0.013096377636194204
2024-12-31,SYN124,0.012875244988030447
2023-01-31,SYN125,0.012186132800451416
2023-02-28,SYN125,0.012099078348093109
2023-03-31,SYN125,0.012277041831353403
2023-04-30,SYN125,0.011654945241773792
2023-05-31,SYN125,0.011402262695439168
2023-06-30,SYN125,0.01134445325513353
2023-07-31,SYN125,0.011294722713797173
2023-08-31,SYN125,0.011011512712495439
2023-09-30,SYN125,0.010990341206000096
2023-10-31,SYN125,0.010600079043254681
2023-11-30,SYN125,0.010672045300929103
2023-12-31,SYN125,0.010490777054876466
2024-01-31,SYN125,0.01117729464815878
2024-02-29,SYN125,0.011164592721222128
2024-03-31,SYN125,0.011310340270904913
2024-04-30,SYN125,0.00945736273698165
2024-05-31,SYN125,0.009600937350697603
2024-06-30,SYN125,0.009378539118953259
2024-07-31,SYN125,0.01014086023645106
2024-08-31,SYN125,0.010362080173081446
2024-09-30,SYN125,0.010418922640682424
2024-10-31,SYN125,0.00964439755608457
2024-11-30,SYN125,0.010120475666997388
2024-12-31,SYN125,0.010300529184797852
2023-01-31,SYN126,0.014759122590843566
2023-02-28,SYN126,0.01476779762872741
2023-03-31,SYN126,0.014811845062510213
2023-04-30,SYN126,0.013674786090120227
2023-05-31,SYN126,0.013696297550397382
2023-06-30,SYN126,0.013740878449229568
2023-07-31,SYN126,0.012961676345550649
2023-08-31,SYN126,0.01311201816856751
2023-09-30,SYN126,0.013124571706889123
2023-10-31,SYN126,0.012688397188808494
2023-11-30,SYN126,0.012631233703020831
2023-12-31,SYN126,0.012547561552852235
2024-01-31,SYN126,0.012132905004215804
2024-02-29,SYN126,0.011872909557139124
2024-03-31,SYN126,0.011940906995099126
2024-04-30,SYN126,0.011871838222379477
2024-05-31,SYN126,0.012988942631710066
2024-06-30,SYN126,0.013054950020540612
2024-07-31,SYN126,0.01275577767846613
2024-08-31,SYN126,0.011879433933537152
2024-09-30,SYN126,0.011971973449142782
2024-10-31,SYN126,0.012023551441362615
2024-11-30,SYN126,0.011892687992054807
2024-12-31,SYN126,0.011881695080690082
2023-01-31,SYN127,0.013490625495393425
2023-02-28,SYN127,0.013302028500718054
2023-03-31,SYN127,0.013102889821674733
2023-04-30,SYN127,0.013777291973838353
2023-05-31,SYN127,0.013977280272745229
2023-06-30,SYN127,0.013798639039169096
2023-07-31,SYN127,0.01395685732455211
2023-08-31,SYN127,0.01365919664195242
2023-09-30,SYN127,0.0133271418118464
2023-10-31,SYN127,0.012549185656068445
2023-11-30,SYN127,0.012586856356997017
2023-12-31,SYN127,0.012788078063731551
2024-01-31,SYN127,0.01240591181979268
2024-02-29,SYN127,0.012444328631299432
2024-03-31,SYN127,0.012168695779506184
2024-04-30,SYN127,0.009506250775042224
2024-05-31,SYN127,0.009021217789350961
2024-06-30,SYN127,0.008230582936524043
2024-07-31,SYN127,0.009458381038980878
2024-08-31,SYN127,0.009287536664951761
2024-09-30,SYN127,0.009005333295466923
2024-10-31,SYN127,0.01178059121789646
2024-11-30,SYN127,0.011606442609420127
2024-12-31,SYN127,0.011135747516920596
2023-01-31,SYN128,0.016209625289975604
2023-02-28,SYN128,0.014306817110383344
2023-03-31,SYN128,0.014220052686053036
2023-04-30,SYN128,0.014461282183272183
2023-05-31,SYN128,0.014189246740546868
2023-06-30,SYN128,0.014253950222689344
2023-07-31,SYN128,0.015698333004359542
2023-08-31,SYN128,0.01589491373671352
2023-09-30,SYN128,0.015820132686425455
2023-10-31,SYN128,0.014510643607753433
2023-11-30,SYN128,0.014384705049316812
2023-12-31,SYN128,0.014276862357675744
2024-01-31,SYN128,0.01496151240604424
2024-02-29,SYN128,0.015061010419119893
2024-03-31,SYN128,0.015159590951499383
2024-04-30,SYN128,0.012733599732287564
2024-05-31,SYN128,0.012935734920171763
2024-06-30,SYN128,0.012622568850509592
2024-07-31,SYN128,0.01414778108012724
2024-08-31,SYN128,0.015004158847339936
2024-09-30,SYN128,0.01511514693541788
2024-10-31,SYN128,0.014656299240017694
2024-11-30,SYN128,0.01479995312569131
2024-12-31,SYN128,0.014772190917328978
2023-01-31,SYN129,0.013260029942675805
2023-02-28,SYN129,0.013279953723148705
2023-03-31,SYN129,0.01326060964751447
2023-04-30,SYN129,0.013469133543496003
2023-05-31,SYN129,0.013250271698595292
2023-06-30,SYN129,0.013380964401465405
2023-07-31,SYN129,0.01472785053077489
2023-08-31,SYN129,0.014649782070441365
2023-09-30,SYN129,0.01452783451746785
2023-10-31,SYN129,0.01526046005488686
2023-11-30,SYN129,0.015295483949667692
2023-12-31,SYN129,0.015249881271560517
2024-01-31,SYN129,0.01466898535576355
2024-02-29,SYN129,0.0146908507805562
2024-03-31,SYN129,0.014810971589238355
2024-04-30,SYN129,0.01605932889014748
2024-05-31,SYN129,0.016122251957705752
2024-06-30,SYN129,0.016003884885900682
2024-07-31,SYN129,0.01619133726764947
2024-08-31,SYN129,0.012049703300988852
2024-09-30,SYN129,0.01217290735973616
2024-10-31,SYN129,0.014477987186626701
2024-11-30,SYN129,0.014571514404245155
2024-12-31,SYN129,0.014457034980722172
2023-01-31,SYN130,0.0115497348337087
2023-02-28,SYN130,0.011625980883022526
2023-03-31,SYN130,0.011731213434502325
2023-04-30,SYN130,0.011693793520613742
2023-05-31,SYN130,0.011749880834083867
2023-06-30,SYN130,0.01159887810139947
2023-07-31,SYN130,0.012911176723698086
2023-08-31,SYN130,0.011583247636819307
2023-09-30,SYN130,0.011396493025878904
2023-10-31,SYN130,0.010868865993732272
2023-11-30,SYN130,0.010731636923289434
2023-12-31,SYN130,0.010532183548771435
2024-01-31,SYN130,0.009502811250005112
2024-02-29,SYN130,0.009954395398238476
2024-03-31,SYN130,0.00977831300678133
2024-04-30,SYN130,0.011556960684273487
2024-05-31,SYN130,0.011263987888608995
2024-06-30,SYN130,0.010891036716071214
2024-07-31,SYN130,0.011069441326598681
2024-08-31,SYN130,0.011013296307885865
2024-09-30,SYN130,0.011206877119818274
2024-10-31,SYN130,0.013638024768050441
2024-11-30,SYN130,0.013637904057254298
2024-12-31,SYN130,0.013587664846573009
2023-01-31,SYN131,0.011673207403310662
2023-02-28,SYN131,0.01166834598299884
2023-03-31,SYN131,0.01171443017266171
2023-04-30,SYN131,0.01379406969723169
2023-05-31,SYN131,0.013707206100692948
2023-06-30,SYN131,0.013854871615464578
2023-07-31,SYN131,0.013705361730830569
2023-08-31,SYN131,0.013611338642745285
2023-09-30,SYN131,0.013959318476102909
2023-10-31,SYN131,0.011784101131182398
2023-11-30,SYN131,0.011825104899962606
2023-12-31,SYN131,0.011876790513308364
2024-01-31,SYN131,0.011031137312874955
2024-02-29,SYN131,0.011212407993945248
2024-03-31,SYN131,0.011152784167212985
2024-04-30,SYN131,0.011704563528412487
2024-05-31,SYN131,0.01178225553488111
2024-06-30,SYN131,0.011884944822442242
2024-07-31,SYN131,0.011712186896772458
2024-08-31,SYN131,0.011768661228222904
2024-09-30,SYN131,0.01171321572894011
2024-10-31,SYN131,0.011911960556796383
2024-11-30,SYN131,0.012052927159832725
2024-12-31,SYN131,0.012090102214331138
2023-01-31,SYN132,0.012085613384470869
2023-02-28,SYN132,0.012149253241756384
2023-03-31,SYN132,0.012223430445936533
2023-04-30,SYN132,0.013109472427916682
2023-05-31,SYN132,0.012931180250210433
2023-06-30,SYN132,0.012896111769447311
2023-07-31,SYN132,0.013108792925259601
2023-08-31,SYN132,0.01318394509739151
2023-09-30,SYN132,0.013263296786474584
2023-10-31,SYN132,0.012510644225963851
2023-11-30,SYN132,0.012810999201858894
2023-12-31,SYN132,0.012780916685880323
2024-01-31,SYN132,0.013961549562192914
2024-02-29,SYN132,0.013704382957614834
2024-03-31,SYN132,0.013729319246304087
2024-04-30,SYN132,0.01440205882636826
2024-05-31,SYN132,0.014400288382361792
2024-06-30,SYN132,0.01465875697707306
2024-07-31,SYN132,0.01336401282629245
2024-08-31,SYN132,0.013337681660886622
2024-09-30,SYN132,0.013521773309120902
2024-10-31,SYN132,0.011972821888638614
2024-11-30,SYN132,0.01264143773247937
2024-12-31,SYN132,0.01287652354017375
2023-01-31,SYN133,0.013259108530579686
2023-02-28,SYN133,0.013172425603846565
2023-03-31,SYN133,0.013205123444571028
2023-04-30,SYN133,0.01520757386985645
2023-05-31,SYN133,0.01507935399856656
2023-06-30,SYN133,0.015010291496396311
2023-07-31,SYN133,0.014159229519106045
2023-08-31,SYN133,0.014229456323129384
2023-09-30,SYN133,0.01413817833982732
2023-10-31,SYN133,0.014344546797617683
2023-11-30,SYN133,0.014754579745926217
2023-12-31,SYN133,0.014583991132947588
2024-01-31,SYN133,0.015039568940993833
2024-02-29,SYN133,0.015031399397918635
2024-03-31,SYN133,0.014966849225149
2024-04-30,SYN133,0.013339011747834946
2024-05-31,SYN133,0.013228202290708117
2024-06-30,SYN133,0.013242647774726855
2024-07-31,SYN133,0.013697639262255205
2024-08-31,SYN133,0.013616168716222475
2024-09-30,SYN133,0.013446479058995858
2024-10-31,SYN133,0.013534274297786336
2024-11-30,SYN133,0.01355613706806247
2024-12-31,SYN133,0.01352672456035884
2023-01-31,SYN134,0.014171689201096453
2023-02-28,SYN134,0.014261373021714499
2023-03-31,SYN134,0.014169088436107903
2023-04-30,SYN134,0.013798827029828176
2023-05-31,SYN134,0.013621254065510067
2023-06-30,SYN134,0.01365524151202431
2023-07-31,SYN134,0.013224248519542752
2023-08-31,SYN134,0.013383390028604438
2023-09-30,SYN134,0.013284492387384498
2023-10-31,SYN134,0.014164600672063037
2023-11-30,SYN134,0.014143597663537627
2023-12-31,SYN134,0.014079744324676518
2024-01-31,SYN134,0.014768870228529036
2024-02-29,SYN134,0.014633183196921903
2024-03-31,SYN134,0.014611462329470106
2024-04-30,SYN134,0.01253716450651594
2024-05-31,SYN134,0.012586467609872172
2024-06-30,SYN134,0.012366673205217199
2024-07-31,SYN134,0.013382085675924816
2024-08-31,SYN134,0.013396186812858842
2024-09-30,SYN134,0.013234999899405228
2024-10-31,SYN134,0.013525556157738405
2024-11-30,SYN134,0.01333702131212999
2024-12-31,SYN134,0.013350897553985107
2023-01-31,SYN135,0.012455390413478214
2023-02-28,SYN135,0.012771312484356753
2023-03-31,SYN135,0.012281795687779628
2023-04-30,SYN135,0.012131859296979656
2023-05-31,SYN135,0.011877286545432665
2023-06-30,SYN135,0.012121020769061186
2023-07-31,SYN135,0.012361364741097928
2023-08-31,SYN135,0.012112666869186675
2023-09-30,SYN135,0.012676454669199115
2023-10-31,SYN135,0.012395336526220166
2023-11-30,SYN135,0.012567761569259532
2023-12-31,SYN135,0.012348801872793993
2024-01-31,SYN135,0.012509458712621243
2024-02-29,SYN135,0.012871481380679622
2024-03-31,SYN135,0.012818099345299407
2024-04-30,SYN135,0.014566397515480297
2024-05-31,SYN135,0.014348635285065546
2024-06-30,SYN135,0.014440027603354198
2024-07-31,SYN135,0.014770549940897023
2024-08-31,SYN135,0.014805398864283514
2024-09-30,SYN135,0.014846254084311714
2024-10-31,SYN135,0.013177082374766232
2024-11-30,SYN135,0.013031185462919165
2024-12-31,SYN135,0.012897250408247294
2023-01-31,SYN136,0.01248135223929355
2023-02-28,SYN136,0.012359702488666328
2023-03-31,SYN136,0.012287058967643876
2023-04-30,SYN136,0.012296617913002439
2023-05-31,SYN136,0.012390986458851358
2023-06-30,SYN136,0.012315148913742427
2023-07-31,SYN136,0.011774724108137142
2023-08-31,SYN136,0.011633929080603539
2023-09-30,SYN136,0.011771492157370788
2023-10-31,SYN136,0.011982195306557739
2023-11-30,SYN136,0.012113363106769416
2023-12-31,SYN136,0.012007031170648315
2024-01-31,SYN136,0.012776722378572228
2024-02-29,SYN136,0.012746846612328212
2024-03-31,SYN136,0.012454372939244139
2024-04-30,SYN136,0.01169331960028808
2024-05-31,SYN136,0.011742787700847399
2024-06-30,SYN136,0.011822719220372226
2024-07-31,SYN136,0.013535113841436977
2024-08-31,SYN136,0.013771984885022761
2024-09-30,SYN136,0.013852016511764305
2024-10-31,SYN136,0.012758930333646301
2024-11-30,SYN136,0.012658638230224475
2024-12-31,SYN136,0.012442559713407072
2023-01-31,SYN137,0.009941655777036512
2023-02-28,SYN137,0.009964227417417171
2023-03-31,SYN137,0.009733454026808315
2023-04-30,SYN137,0.010936153982891076
2023-05-31,SYN137,0.010786496906493172
2023-06-30,SYN137,0.01100878470730529
2023-07-31,SYN137,0.011629731029280443
2023-08-31,SYN137,0.01161540212146952
2023-09-30,SYN137,0.011659070341203085
2023-10-31,SYN137,0.012206289348626496
2023-11-30,SYN137,0.012154131418886296
2023-12-31,SYN137,0.01231071462870671
2024-01-31,SYN137,0.011013673909378293
2024-02-29,SYN137,0.011545936644569519
2024-03-31,SYN137,0.011436813011443829
2024-04-30,SYN137,0.012139971106297045
2024-05-31,SYN137,0.012376389982769125
2024-06-30,SYN137,0.012258127782124598
2024-07-31,SYN137,0.010956235267507974
2024-08-31,SYN137,0.010773775767620288
2024-09-30,SYN137,0.010537709698848471
2024-10-31,SYN137,0.010318591962183023
2024-11-30,SYN137,0.011751524517362565
2024-12-31,SYN137,0.011803349404532974
2023-01-31,SYN138,0.008602774199057153
2023-02-28,SYN138,0.008084767951222947
2023-03-31,SYN138,0.007847989865373266
2023-04-30,SYN138,0.008762353859629337
2023-05-31,SYN138,0.008683580023974981
2023-06-30,SYN138,0.008428874995195797
2023-07-31,SYN138,0.009176332418855664
2023-08-31,SYN138,0.009221306896042048
2023-09-30,SYN138,0.008574475702350511
2023-10-31,SYN138,0.011346792847685852
2023-11-30,SYN138,0.010901659114650502
2023-12-31,SYN138,0.011428865299485443
2024-01-31,SYN138,0.008535173224761532
2024-02-29,SYN138,0.007829233946453348
2024-03-31,SYN138,0.00812860472856137
2024-04-30,SYN138,0.008085008364543077
2024-05-31,SYN138,0.008242506247194113
2024-06-30,SYN138,0.009229605769762075
2024-07-31,SYN138,0.009646790561878312
2024-08-31,SYN138,0.009922005916524576
2024-09-30,SYN138,0.010149234947031367
2024-10-31,SYN138,0.010328562355181302
2024-11-30,SYN138,0.01104175127645626
2024-12-31,SYN138,0.011026852570829769
2023-01-31,SYN139,0.011559806453490194
2023-02-28,SYN139,0.011660482014173957
2023-03-31,SYN139,0.011301212098602827
2023-04-30,SYN139,0.009950805604628542
2023-05-31,SYN139,0.010478536801678987
2023-06-30,SYN139,0.010464315665490921
2023-07-31,SYN139,0.009958015556855567
2023-08-31,SYN139,0.010207824084516693
2023-09-30,SYN139,0.00986790213345479
2023-10-31,SYN139,0.008145842257091012
2023-11-30,SYN139,0.008404563913070855
2023-12-31,SYN139,0.008823511254734653
2024-01-31,SYN139,0.010832831762896872
2024-02-29,SYN139,0.010501339760734344
2024-03-31,SYN139,0.01024673781908323
2024-04-30,SYN139,0.00899959156836421
2024-05-31,SYN139,0.009636349655036161
2024-06-30,SYN139,0.010128713228208361
2024-07-31,SYN139,0.009602469619108402
2024-08-31,SYN139,0.009252877549717204
2024-09-30,SYN139,0.009347308865595372
2024-10-31,SYN139,0.009491056475023215
2024-11-30,SYN139,0.009098450188537308
2024-12-31,SYN139,0.009401308242257586
2023-01-31,SYN140,0.010485139812093137
2023-02-28,SYN140,0.010854453737194299
2023-03-31,SYN140,0.010488967544939007
2023-04-30,SYN140,0.012262819601753589
2023-05-31,SYN140,0.012536914334027748
2023-06-30,SYN140,0.012384902644355272
2023-07-31,SYN140,0.012502212757902084
2023-08-31,SYN140,0.012653769106808346
2023-09-30,SYN140,0.012790613629272057
2023-10-31,SYN140,0.013034506097347912
2023-11-30,SYN140,0.0131335965982635
2023-12-31,SYN140,0.013183320029380562
2024-01-31,SYN140,0.012741707176613026
2024-02-29,SYN140,0.013031097060535126
2024-03-31,SYN140,0.013116405306764344
2024-04-30,SYN140,0.010986980389634811
2024-05-31,SYN140,0.010653106854465445
2024-06-30,SYN140,0.010490613495170865
2024-07-31,SYN140,0.01149419548957852
2024-08-31,SYN140,0.011242377787734462
2024-09-30,SYN140,0.011288824079389952
2024-10-31,SYN140,0.010050834718311842
2024-11-30,SYN140,0.010024955833730115
2024-12-31,SYN140,0.010073602367393512
2023-01-31,SYN141,0.01244144122535673
2023-02-28,SYN141,0.012647376248995035
2023-03-31,SYN141,0.012621039215917913
2023-04-30,SYN141,0.013409148869452473
2023-05-31,SYN141,0.013315576866506279
2023-06-30,SYN141,0.013504434984153189
2023-07-31,SYN141,0.013789946123462425
2023-08-31,SYN141,0.013751657745628131
2023-09-30,SYN141,0.013811362905316805
2023-10-31,SYN141,0.01348106022567766
2023-11-30,SYN141,0.013610400637427073
2023-12-31,SYN141,0.01365467201175881
2024-01-31,SYN141,0.01409952210596288
2024-02-29,SYN141,0.01415947218048037
2024-03-31,SYN141,0.014184862112325579
2024-04-30,SYN141,0.01401768189241032
2024-05-31,SYN141,0.014087573775659622
2024-06-30,SYN141,0.013943957956942754
2024-07-31,SYN141,0.014768169716945534
2024-08-31,SYN141,0.01479556230950823
2024-09-30,SYN141,0.015012591677080864
2024-10-31,SYN141,0.012778718041826578
2024-11-30,SYN141,0.012696797149149694
2024-12-31,SYN141,0.012591489841518906
2023-01-31,SYN142,0.010777315391641989
2023-02-28,SYN142,0.010998127040170076
2023-03-31,SYN142,0.011011899032855056
2023-04-30,SYN142,0.010583118126651856
2023-05-31,SYN142,0.010606438442351094
2023-06-30,SYN142,0.010575858087511752
2023-07-31,SYN142,0.011408486759156063
2023-08-31,SYN142,0.011386071954982962
2023-09-30,SYN142,0.011232334609997662
2023-10-31,SYN142,0.011415677870857429
2023-11-30,SYN142,0.01133139130314531
2023-12-31,SYN142,0.011199061397138759
2024-01-31,SYN142,0.011298622095046073
2024-02-29,SYN142,0.011449740306927069
2024-03-31,SYN142,0.011583728075518336
2024-04-30,SYN142,0.01215931248027681
2024-05-31,SYN142,0.01149214941015097
2024-06-30,SYN142,0.011670616419258649
2024-07-31,SYN142,0.012430844528072795
2024-08-31,SYN142,0.012572785735953003
2024-09-30,SYN142,0.012527646923810204
2024-10-31,SYN142,0.013133271861736977
2024-11-30,SYN142,0.011101378901534627
2024-12-31,SYN142,0.011532313243020302
2023-01-31,SYN143,0.014588351701252167
2023-02-28,SYN143,0.012311453610220815
2023-03-31,SYN143,0.012336309144506407
2023-04-30,SYN143,0.013708928553786318
2023-05-31,SYN143,0.013752980111045202
2023-06-30,SYN143,0.01366328542223481
2023-07-31,SYN143,0.014351251794192894
2023-08-31,SYN143,0.014088248342454715
2023-09-30,SYN143,0.014148360168721293
2023-10-31,SYN143,0.013629073419072426
2023-11-30,SYN143,0.013637547768786314
2023-12-31,SYN143,0.01366530345557696
2024-01-31,SYN143,0.012628128827282273
2024-02-29,SYN143,0.012299453839946144
2024-03-31,SYN143,0.012435544227899513
2024-04-30,SYN143,0.01246172629968457
2024-05-31,SYN143,0.012547211735099598
2024-06-30,SYN143,0.012422547874860182
2024-07-31,SYN143,0.012782104419815102
2024-08-31,SYN143,0.012717336243358808
2024-09-30,SYN143,0.012567390637734058
2024-10-31,SYN143,0.013426032925515998
2024-11-30,SYN143,0.013378453911042273
2024-12-31,SYN143,0.013437853304723732
2023-01-31,SYN144,0.01242060954889345
2023-02-28,SYN144,0.013985811446307787
2023-03-31,SYN144,0.014020271492777603
2023-04-30,SYN144,0.01419639220570168
2023-05-31,SYN144,0.013927591846360363
2023-06-30,SYN144,0.013728635173294331
2023-07-31,SYN144,0.01316991735849665
2023-08-31,SYN144,0.013143739681042878
2023-09-30,SYN144,0.012853398078522845
2023-10-31,SYN144,0.013090426107289164
2023-11-30,SYN144,0.013116931729987768
2023-12-31,SYN144,0.013119733176365429
2024-01-31,SYN144,0.013310325654797535
2024-02-29,SYN144,0.012781442129998308
2024-03-31,SYN144,0.012770873113619132
2024-04-30,SYN144,0.012845075093635718
2024-05-31,SYN144,0.012743728216398702
2024-06-30,SYN144,0.01273826737242896
2024-07-31,SYN144,0.013897083148302056
2024-08-31,SYN144,0.014197306270432291
2024-09-30,SYN144,0.014199322148306064
2024-10-31,SYN144,0.013568286576204607
2024-11-30,SYN144,0.013541904531017555
2024-12-31,SYN144,0.013629675303568463
2023-01-31,SYN145,0.012808942115567443
2023-02-28,SYN145,0.012557153104752647
2023-03-31,SYN145,0.012655216715526843
2023-04-30,SYN145,0.007728799989170354
2023-05-31,SYN145,0.007522651594544125
2023-06-30,SYN145,0.007999583615342061
2023-07-31,SYN145,0.00815074856050906
2023-08-31,SYN145,0.007998189621298933
2023-09-30,SYN145,0.00873172031140461
2023-10-31,SYN145,0.008791256064508628
2023-11-30,SYN145,0.00900072640610125
2023-12-31,SYN145,0.009404654407233613
2024-01-31,SYN145,0.009853122498636945
2024-02-29,SYN145,0.010288885073159048
2024-03-31,SYN145,0.01002888392895961
2024-04-30,SYN145,0.009534144684831665
2024-05-31,SYN145,0.009350067664920431
2024-06-30,SYN145,0.009002098095175173
2024-07-31,SYN145,0.008257611477456872
2024-08-31,SYN145,0.008214969814074997
2024-09-30,SYN145,0.008016977466317857
2024-10-31,SYN145,0.008054417137364944
2024-11-30,SYN145,0.008329149818632543
2024-12-31,SYN145,0.008007515837364358
2023-01-31,SYN146,0.012921417502622802
2023-02-28,SYN146,0.012968877580534591
2023-03-31,SYN146,0.013008167786000266
2023-04-30,SYN146,0.01295430573704664
2023-05-31,SYN146,0.012794868926336687
2023-06-30,SYN146,0.01264672582463463
2023-07-31,SYN146,0.013985096661099611
2023-08-31,SYN146,0.014025517884180227
2023-09-30,SYN146,0.013898237494836834
2023-10-31,SYN146,0.014898274638229597
2023-11-30,SYN146,0.01502869249750667
2023-12-31,SYN146,0.014926005369928453
2024-01-31,SYN146,0.012209475217096682
2024-02-29,SYN146,0.01212762838369987
2024-03-31,SYN146,0.012108596163909385
2024-04-30,SYN146,0.012379970890644272
2024-05-31,SYN146,0.012450737329761619
2024-06-30,SYN146,0.012508788474965392
2024-07-31,SYN146,0.011594808985731016
2024-08-31,SYN146,0.011602574151328569
2024-09-30,SYN146,0.011542474764332643
2024-10-31,SYN146,0.014551843056002723
2024-11-30,SYN146,0.01452831667840925
2024-12-31,SYN146,0.014531728988659483
2023-01-31,SYN147,0.012687186510965462
2023-02-28,SYN147,0.012642689873580262
2023-03-31,SYN147,0.012586036244507711
2023-04-30,SYN147,0.011204881085541844
2023-05-31,SYN147,0.011153520329841462
2023-06-30,SYN147,0.011035005171912532
2023-07-31,SYN147,0.01395224292303453
2023-08-31,SYN147,0.014132023104739733
2023-09-30,SYN147,0.014274495098831025
2023-10-31,SYN147,0.014355787008550601
2023-11-30,SYN147,0.014179109271183295
2023-12-31,SYN147,0.014138262505471517
2024-01-31,SYN147,0.014151417491693161
2024-02-29,SYN147,0.01403928165388893
2024-03-31,SYN147,0.01404305597781581
2024-04-30,SYN147,0.014114214232978504
2024-05-31,SYN147,0.01413752793736054
2024-06-30,SYN147,0.014187093289082141
2024-07-31,SYN147,0.013808796684627719
2024-08-31,SYN147,0.013702130393203654
2024-09-30,SYN147,0.013898132023455093
2024-10-31,SYN147,0.013888419291517197
2024-11-30,SYN147,0.014009873298167346
2024-12-31,SYN147,0.014970216527466568
2023-01-31,SYN148,0.013207648080616885
2023-02-28,SYN148,0.013329369135775641
2023-03-31,SYN148,0.013357654608994072
2023-04-30,SYN148,0.014277787273817672
2023-05-31,SYN148,0.014068543969222963
2023-06-30,SYN148,0.013970377092300127
2023-07-31,SYN148,0.015275475687267753
2023-08-31,SYN148,0.015482311026944062
2023-09-30,SYN148,0.015509376871827577
2023-10-31,SYN148,0.016296539366806383
2023-11-30,SYN148,0.014734949352926753
2023-12-31,SYN148,0.014630203318076938
2024-01-31,SYN148,0.012633735205535823
2024-02-29,SYN148,0.014463279070481595
2024-03-31,SYN148,0.01458090013990141
2024-04-30,SYN148,0.012216836500344727
2024-05-31,SYN148,0.012099081992293165
2024-06-30,SYN148,0.012005846125400812
2024-07-31,SYN148,0.013062968825087581
2024-08-31,SYN148,0.01250726586328219
2024-09-30,SYN148,0.012477209570446767
2024-10-31,SYN148,0.013108755610272456
2024-11-30,SYN148,0.013227487196526503
2024-12-31,SYN148,0.013261988848135146
2023-01-31,SYN149,0.008992750010986528
2023-02-28,SYN149,0.00874225078220994
2023-03-31,SYN149,0.008830905264121834
2023-04-30,SYN149,0.008388740442744333
2023-05-31,SYN149,0.008667754018015165
2023-06-30,SYN149,0.008526019751680517
2023-07-31,SYN149,0.008156713892807546
2023-08-31,SYN149,0.007510056470121385
2023-09-30,SYN149,0.007229215011391886
2023-10-31,SYN149,0.006892416764463795
2023-11-30,SYN149,0.0069803492450729735
2023-12-31,SYN149,0.006369424399236142
2024-01-31,SYN149,0.0069682051379823876
2024-02-29,SYN149,0.0066961212562320835
2024-03-31,SYN149,0.0071966165057264836
2024-04-30,SYN149,0.007422402571146658
2024-05-31,SYN149,0.007572172708502502
2024-06-30,SYN149,0.0074731387440998415
2024-07-31,SYN149,0.006319854762049163
2024-08-31,SYN149,0.006367764393320024
2024-09-30,SYN149,0.006191910991133142
2024-10-31,SYN149,0.006805867699653833
2024-11-30,SYN149,0.006216227780648269
2024-12-31,SYN149,0.0062674762114431895
2023-01-31,SYN150,0.010502612273693757
2023-02-28,SYN150,0.010256339662916674
2023-03-31,SYN150,0.010054188528482983
2023-04-30,SYN150,0.011376112904860578
2023-05-31,SYN150,0.011274977375588299
2023-06-30,SYN150,0.01113285558493699
2023-07-31,SYN150,0.010457111690126544
2023-08-31,SYN150,0.010614460842968411
2023-09-30,SYN150,0.010220072383340939
2023-10-31,SYN150,0.01210680956582646
2023-11-30,SYN150,0.01211802628794093
2023-12-31,SYN150,0.012403700589282338
2024-01-31,SYN150,0.012676276679759464
2024-02-29,SYN150,0.012446024289413968
2024-03-31,SYN150,0.012278389693083935
2024-04-30,SYN150,0.012092212563724647
2024-05-31,SYN150,0.01192986803869256
2024-06-30,SYN150,0.011946825789545687
2024-07-31,SYN150,0.011895997830627593
2024-08-31,SYN150,0.011947277557592076
2024-09-30,SYN150,0.011936178608660341
2024-10-31,SYN150,0.011826670825338004
2024-11-30,SYN150,0.011709614229582855
2024-12-31,SYN150,0.011678069304755602
2023-01-31,SYN151,0.010806773389958462
2023-02-28,SYN151,0.011037673009891433
2023-03-31,SYN151,0.010879852519934915
2023-04-30,SYN151,0.012070043396142807
2023-05-31,SYN151,0.011719233456763062
2023-06-30,SYN151,0.011682221336300293
2023-07-31,SYN151,0.011789915497013484
2023-08-31,SYN151,0.012194307138757814
2023-09-30,SYN151,0.01226477261921603
2023-10-31,SYN151,0.013499400301623573
2023-11-30,SYN151,0.01253338053538662
2023-12-31,SYN151,0.012613748010626891
2024-01-31,SYN151,0.013709131213095468
2024-02-29,SYN151,0.01380816935779356
2024-03-31,SYN151,0.013656388154025572
2024-04-30,SYN151,0.012683465117079943
2024-05-31,SYN151,0.012046231224648473
2024-06-30,SYN151,0.012010086814986496
2024-07-31,SYN151,0.01152196072009204
2024-08-31,SYN151,0.011412208070026271
2024-09-30,SYN151,0.011482676667295562
2024-10-31,SYN151,0.013175371132100816
2024-11-30,SYN151,0.013155279053382308
2024-12-31,SYN151,0.013248571126330032
2023-01-31,SYN152,0.01299548356384055
2023-02-28,SYN152,0.013199663584154113
2023-03-31,SYN152,0.013137506035650413
2023-04-30,SYN152,0.013270184464340262
2023-05-31,SYN152,0.013106889307333457
2023-06-30,SYN152,0.01312526247540996
2023-07-31,SYN152,0.011624574665053988
2023-08-31,SYN152,0.011188290991373808
2023-09-30,SYN152,0.011931389313776302
2023-10-31,SYN152,0.007707892024445826
2023-11-30,SYN152,0.010215365144488987
2023-12-31,SYN152,0.010367470244811737
2024-01-31,SYN152,0.006882550910155333
2024-02-29,SYN152,0.007700538061372096
2024-03-31,SYN152,0.007595580783496732
2024-04-30,SYN152,0.011529692164859405
2024-05-31,SYN152,0.011541391686049032
2024-06-30,SYN152,0.011933051501149011
2024-07-31,SYN152,0.008476081353961998
2024-08-31,SYN152,0.008928176490164946
2024-09-30,SYN152,0.008885561077124175
2024-10-31,SYN152,0.011745429570836859
2024-11-30,SYN152,0.012117423115008663
2024-12-31,SYN152,0.011918977133925437
2023-01-31,SYN153,0.012194396622089657
2023-02-28,SYN153,0.012391126485225825
2023-03-31,SYN153,0.01264612715389662
2023-04-30,SYN153,0.013058853459554477
2023-05-31,SYN153,0.013172064916788432
2023-06-30,SYN153,0.0132114852713232
2023-07-31,SYN153,0.013757639797511325
2023-08-31,SYN153,0.01398200075664796
2023-09-30,SYN153,0.013958502343308438
2023-10-31,SYN153,0.016513061058414383
2023-11-30,SYN153,0.016532898262635716
2023-12-31,SYN153,0.016515471293240186
2024-01-31,SYN153,0.014491479410808352
2024-02-29,SYN153,0.014184351991999206
2024-03-31,SYN153,0.014228805017772125
2024-04-30,SYN153,0.012063383909576257
2024-05-31,SYN153,0.012115719800620478
2024-06-30,SYN153,0.01197923746718153
2024-07-31,SYN153,0.012958665911015277
2024-08-31,SYN153,0.012780589530006499
2024-09-30,SYN153,0.012812292101607746
2024-10-31,SYN153,0.012915025597160415
2024-11-30,SYN153,0.013562085745833018
2024-12-31,SYN153,0.013465160566876215
2023-01-31,SYN154,0.009704743589917565
2023-02-28,SYN154,0.00884853186442355
2023-03-31,SYN154,0.008735729054932815
2023-04-30,SYN154,0.009101085123534547
2023-05-31,SYN154,0.008927706778998516
2023-06-30,SYN154,0.00913273021301339
2023-07-31,SYN154,0.008946229750870787
2023-08-31,SYN154,0.009037048237717657
2023-09-30,SYN154,0.00926624415556735
2023-10-31,SYN154,0.013370839163926538
2023-11-30,SYN154,0.010730377618861073
2023-12-31,SYN154,0.011034484867417243
2024-01-31,SYN154,0.009413264833153238
2024-02-29,SYN154,0.008982520028458715
2024-03-31,SYN154,0.00952194892431995
2024-04-30,SYN154,0.009030663188955828
2024-05-31,SYN154,0.009204634984680136
2024-06-30,SYN154,0.009012094985519215
2024-07-31,SYN154,0.009296300957250259
2024-08-31,SYN154,0.010062767107581893
2024-09-30,SYN154,0.010639197616089275
2024-10-31,SYN154,0.010596987314323849
2024-11-30,SYN154,0.010645409865595363
2024-12-31,SYN154,0.010681155821673142
2023-01-31,SYN155,0.01156620258176773
2023-02-28,SYN155,0.011516634726522541
2023-03-31,SYN155,0.0114777013988654
2023-04-30,SYN155,0.012516526182582668
2023-05-31,SYN155,0.012682768199486737
2023-06-30,SYN155,0.012450185391537985
2023-07-31,SYN155,0.01419671861232596
2023-08-31,SYN155,0.014289346841284589
2023-09-30,SYN155,0.014113258869068002
2023-10-31,SYN155,0.012127565717935952
2023-11-30,SYN155,0.012009444082057667
2023-12-31,SYN155,0.011884862310904938
2024-01-31,SYN155,0.01364643809788151
2024-02-29,SYN155,0.013400131585373697
2024-03-31,SYN155,0.01343235689442595
2024-04-30,SYN155,0.01425401129775842
2024-05-31,SYN155,0.01329415181888726
2024-06-30,SYN155,0.013556336640731598
2024-07-31,SYN155,0.012786396598065108
2024-08-31,SYN155,0.012802778915298093
2024-09-30,SYN155,0.012780423617879738
2024-10-31,SYN155,0.011579403526613874
2024-11-30,SYN155,0.011573964748016006
2024-12-31,SYN155,0.011555152532643404
2023-01-31,SYN156,0.01595893172397357
2023-02-28,SYN156,0.016084679966610747
2023-03-31,SYN156,0.016097952271285163
2023-04-30,SYN156,0.015614127309465254
2023-05-31,SYN156,0.015432181765246984
2023-06-30,SYN156,0.016210430766560237
2023-07-31,SYN156,0.016001473089768306
2023-08-31,SYN156,0.015979922994184506
2023-09-30,SYN156,0.016026029099275557
2023-10-31,SYN156,0.015010201961986167
2023-11-30,SYN156,0.015173566283056538
2023-12-31,SYN156,0.014998931554925453
2024-01-31,SYN156,0.014547920463917775
2024-02-29,SYN156,0.015099546966039865
2024-03-31,SYN156,0.015101711004800246
2024-04-30,SYN156,0.014245790975899788
2024-05-31,SYN156,0.014357259091569138
2024-06-30,SYN156,0.014420561395622712
2024-07-31,SYN156,0.012055109946341184
2024-08-31,SYN156,0.012073816457927516
2024-09-30,SYN156,0.012074780418825511
2024-10-31,SYN156,0.014426278018906136
2024-11-30,SYN156,0.014520415856961058
2024-12-31,SYN156,0.01445840691881055
2023-01-31,SYN157,0.012474921368707528
2023-02-28,SYN157,0.012401756433938014
2023-03-31,SYN157,0.012494779029205382
2023-04-30,SYN157,0.013126863199070814
2023-05-31,SYN157,0.013229301663635548
2023-06-30,SYN157,0.012973326613770382
2023-07-31,SYN157,0.012648822386202074
2023-08-31,SYN157,0.012741239079920214
2023-09-30,SYN157,0.012909431362852454
2023-10-31,SYN157,0.012586767932634491
2023-11-30,SYN157,0.01300877520801837
2023-12-31,SYN157,0.013152690069400633
2024-01-31,SYN157,0.013020174504877873
2024-02-29,SYN157,0.012671346121121151
2024-03-31,SYN157,0.012841860742124405
2024-04-30,SYN157,0.013666891213007643
2024-05-31,SYN157,0.013276333398295707
2024-06-30,SYN157,0.013241588110009486
2024-07-31,SYN157,0.012979902746303116
2024-08-31,SYN157,0.013316868059190527
2024-09-30,SYN157,0.013172667116275917
2024-10-31,SYN157,0.013633224251805404
2024-11-30,SYN157,0.013692222352178601
2024-12-31,SYN157,0.014092363584296034
2023-01-31,SYN158,0.012521941742456119
2023-02-28,SYN158,0.012477042462702951
2023-03-31,SYN158,0.01252034120051676
2023-04-30,SYN158,0.012251532880353312
2023-05-31,SYN158,0.013185674975848372
2023-06-30,SYN158,0.013373021791884205
2023-07-31,SYN158,0.012523297009667778
2023-08-31,SYN158,0.012884019502993256
2023-09-30,SYN158,0.012809990987852852
2023-10-31,SYN158,0.012988640702206717
2023-11-30,SYN158,0.013021491507929556
2023-12-31,SYN158,0.012817604332428695
2024-01-31,SYN158,0.01498605172402615
2024-02-29,SYN158,0.014907363255024985
2024-03-31,SYN158,0.014852157027644221
2024-04-30,SYN158,0.014544955424984235
2024-05-31,SYN158,0.014664744932448811
2024-06-30,SYN158,0.014652604617727964
2024-07-31,SYN158,0.013911341471794608
2024-08-31,SYN158,0.013908532610423343
2024-09-30,SYN158,0.013912916444521719
2024-10-31,SYN158,0.013064829746270457
2024-11-30,SYN158,0.012891712825512353
2024-12-31,SYN158,0.012871218174055885
2023-01-31,SYN159,0.01175883754951328
2023-02-28,SYN159,0.011636981751953232
2023-03-31,SYN159,0.011630661287403865
2023-04-30,SYN159,0.012353821069583744
2023-05-31,SYN159,0.012280912121008562
2023-06-30,SYN159,0.012397637688773132
2023-07-31,SYN159,0.009761589456236423
2023-08-31,SYN159,0.009730454572461317
2023-09-30,SYN159,0.009847703712415846
2023-10-31,SYN159,0.010315451607333928
2023-11-30,SYN159,0.011079623442631591
2023-12-31,SYN159,0.011012911446172403
2024-01-31,SYN159,0.010964857656100106
2024-02-29,SYN159,0.010960881507344734
2024-03-31,SYN159,0.01096194348716487
2024-04-30,SYN159,0.012128097155292044
2024-05-31,SYN159,0.012353493662346414
2024-06-30,SYN159,0.01251760005068669
2024-07-31,SYN159,0.012084317153749479
2024-08-31,SYN159,0.011851027533514415
2024-09-30,SYN159,0.011748220724458686
2024-10-31,SYN159,0.012249892053536889
2024-11-30,SYN159,0.012305223769749588
2024-12-31,SYN159,0.012108147827061636
2023-01-31,SYN160,0.013215413767117242
2023-02-28,SYN160,0.013203144847152792
2023-03-31,SYN160,0.013168982362068345
2023-04-30,SYN160,0.014108186029034445
2023-05-31,SYN160,0.013921767553058701
2023-06-30,SYN160,0.013910986414647749
2023-07-31,SYN160,0.014589995442741841
2023-08-31,SYN160,0.014680899161866007
2023-09-30,SYN160,0.014733854013008382
2023-10-31,SYN160,0.013966180080854032
2023-11-30,SYN160,0.012868893122525971
2023-12-31,SYN160,0.013040209389044452
2024-01-31,SYN160,0.01357833279564369
2024-02-29,SYN160,0.013254385110235226
2024-03-31,SYN160,0.013113313765257087
2024-04-30,SYN160,0.012144020408874369
2024-05-31,SYN160,0.012197648925356068
2024-06-30,SYN160,0.012282135066360554
2024-07-31,SYN160,0.011339990967829528
2024-08-31,SYN160,0.01132233222770838
2024-09-30,SYN160,0.011701219396559232
2024-10-31,SYN160,0.01144454214674821
2024-11-30,SYN160,0.011773830893681381
2024-12-31,SYN160,0.011820253768208664
2023-01-31,SYN161,0.011225430550328723
2023-02-28,SYN161,0.011485002249942438
2023-03-31,SYN161,0.011684689029475212
2023-04-30,SYN161,0.011723614278750114
2023-05-31,SYN161,0.011408073844722519
2023-06-30,SYN161,0.011297079269981747
2023-07-31,SYN161,0.011081336614459699
2023-08-31,SYN161,0.01037270708371042
2023-09-30,SYN161,0.01049611719635835
2023-10-31,SYN161,0.01129642803654
2023-11-30,SYN161,0.011065781636549945
2023-12-31,SYN161,0.011058085873962202
2024-01-31,SYN161,0.011651468477405127
2024-02-29,SYN161,0.011458467063308603
2024-03-31,SYN161,0.011387463172604891
2024-04-30,SYN161,0.010270686745908513
2024-05-31,SYN161,0.009857294288288672
2024-06-30,SYN161,0.00987341586820108
2024-07-31,SYN161,0.011357938712266926
2024-08-31,SYN161,0.011347127507458062
2024-09-30,SYN161,0.011056654343737178
2024-10-31,SYN161,0.012107737757223038
2024-11-30,SYN161,0.012106712175715115
2024-12-31,SYN161,0.012001810660584976
2023-01-31,SYN162,0.013691178473544476
2023-02-28,SYN162,0.013395735394975336
2023-03-31,SYN162,0.013299285300098707
2023-04-30,SYN162,0.012794845364810141
2023-05-31,SYN162,0.012613978984075456
2023-06-30,SYN162,0.012740254695500238
2023-07-31,SYN162,0.013158820931062938
2023-08-31,SYN162,0.013057081169223847
2023-09-30,SYN162,0.012977396916826648
2023-10-31,SYN162,0.01297228848061643
2023-11-30,SYN162,0.013102289470628229
2023-12-31,SYN162,0.013289359044559754
2024-01-31,SYN162,0.012239753869994173
2024-02-29,SYN162,0.012192689127380982
2024-03-31,SYN162,0.012086141093825291
2024-04-30,SYN162,0.015128904495722238
2024-05-31,SYN162,0.015034494905895148
2024-06-30,SYN162,0.015215410696609831
2024-07-31,SYN162,0.015925043224450142
2024-08-31,SYN162,0.014062740128788557
2024-09-30,SYN162,0.014273798951852282
2024-10-31,SYN162,0.013860524922340887
2024-11-30,SYN162,0.013771656123425898
2024-12-31,SYN162,0.01385302854934277
2023-01-31,SYN163,0.01100055474601762
2023-02-28,SYN163,0.011062830032629532
2023-03-31,SYN163,0.011106646172988455
2023-04-30,SYN163,0.007905421915167101
2023-05-31,SYN163,0.00761895207475924
2023-06-30,SYN163,0.007300901014933987
2023-07-31,SYN163,0.011523448537620724
2023-08-31,SYN163,0.01169479536177373
2023-09-30,SYN163,0.011391816520529936
2023-10-31,SYN163,0.013037338098715528
2023-11-30,SYN163,0.013063622137756541
2023-12-31,SYN163,0.012959246014106916
2024-01-31,SYN163,0.012114529427257919
2024-02-29,SYN163,0.011903967346617233
2024-03-31,SYN163,0.011844220631746208
2024-04-30,SYN163,0.014210758353917772
2024-05-31,SYN163,0.013945134450242725
2024-06-30,SYN163,0.013976244547032404
2024-07-31,SYN163,0.013881420965999067
2024-08-31,SYN163,0.01396343672353146
2024-09-30,SYN163,0.013767541134948741
2024-10-31,SYN163,0.008923556292346754
2024-11-30,SYN163,0.008387808298282371
2024-12-31,SYN163,0.008443152040134657
2023-01-31,SYN164,0.011353008001997462
2023-02-28,SYN164,0.011427482342811665
2023-03-31,SYN164,0.01170961636179924
2023-04-30,SYN164,0.010471169959911488
2023-05-31,SYN164,0.010387744269742843
2023-06-30,SYN164,0.010115163430321265
2023-07-31,SYN164,0.011093780152947558
2023-08-31,SYN164,0.011186177996141458
2023-09-30,SYN164,0.011065160950541764
2023-10-31,SYN164,0.011797062243950445
2023-11-30,SYN164,0.010424314135311447
2023-12-31,SYN164,0.01037557259379356
2024-01-31,SYN164,0.00986996486364657
2024-02-29,SYN164,0.010382437023512001
2024-03-31,SYN164,0.010189872755772501
2024-04-30,SYN164,0.011760507004721206
2024-05-31,SYN164,0.011471647090143623
2024-06-30,SYN164,0.011413470340754637
2024-07-31,SYN164,0.012515905220621062
2024-08-31,SYN164,0.012832619009627127
2024-09-30,SYN164,0.013026850786764457
2024-10-31,SYN164,0.013290753550265912
2024-11-30,SYN164,0.013020782259175377
2024-12-31,SYN164,0.013037209036865683
2023-01-31,SYN165,0.012160136234786442
2023-02-28,SYN165,0.012226291930842558
2023-03-31,SYN165,0.012090987202325083
2023-04-30,SYN165,0.013022449074173931
2023-05-31,SYN165,0.013035647497398108
2023-06-30,SYN165,0.013061762747333968
2023-07-31,SYN165,0.012741437473708287
2023-08-31,SYN165,0.013637743487473186
2023-09-30,SYN165,0.013560060722909195
2023-10-31,SYN165,0.01307483618583618
2023-11-30,SYN165,0.013109455742127202
2023-12-31,SYN165,0.013121493133351808
2024-01-31,SYN165,0.012672857001337237
2024-02-29,SYN165,0.01333926215062012
2024-03-31,SYN165,0.013276475598517662
2024-04-30,SYN165,0.012318614013015452
2024-05-31,SYN165,0.011920742253593918
2024-06-30,SYN165,0.012008797747896616
2024-07-31,SYN165,0.012561958287261579
2024-08-31,SYN165,0.012629554657800414
2024-09-30,SYN165,0.012582150684866244
2024-10-31,SYN165,0.011388167488940169
2024-11-30,SYN165,0.010943061459436262
2024-12-31,SYN165,0.010631264882790037
2023-01-31,SYN166,0.012406882437128352
2023-02-28,SYN166,0.012648417627908111
2023-03-31,SYN166,0.012688911722982038
2023-04-30,SYN166,0.013760427414270922
2023-05-31,SYN166,0.013780139247414364
2023-06-30,SYN166,0.013773823593845767
2023-07-31,SYN166,0.012720458490848501
2023-08-31,SYN166,0.012713076223499716
2023-09-30,SYN166,0.0126064125069481
2023-10-31,SYN166,0.01375629078157347
2023-11-30,SYN166,0.01392735112495157
2023-12-31,SYN166,0.01397134766210624
2024-01-31,SYN166,0.013330996393179093
2024-02-29,SYN166,0.013125783468298088
2024-03-31,SYN166,0.013291591607908753
2024-04-30,SYN166,0.013203541700596474
2024-05-31,SYN166,0.013503310938912754
2024-06-30,SYN166,0.013503554363505737
2024-07-31,SYN166,0.012291164657567157
2024-08-31,SYN166,0.012176601403590238
2024-09-30,SYN166,0.01226099600101129
2024-10-31,SYN166,0.01262364216995703
2024-11-30,SYN166,0.012531320042966459
2024-12-31,SYN166,0.012591928208129904
2023-01-31,SYN167,0.014528574043399427
2023-02-28,SYN167,0.014593408346545168
2023-03-31,SYN167,0.014615192474889085
2023-04-30,SYN167,0.013375524262902526
2023-05-31,SYN167,0.013393440676402744
2023-06-30,SYN167,0.013206820697370131
2023-07-31,SYN167,0.01336021761835547
2023-08-31,SYN167,0.013292862543064825
2023-09-30,SYN167,0.013443854321820279
2023-10-31,SYN167,0.012662645567164892
2023-11-30,SYN167,0.012576291275195066
2023-12-31,SYN167,0.012307902200323202
2024-01-31,SYN167,0.01457463729856198
2024-02-29,SYN167,0.014428988382967002
2024-03-31,SYN167,0.014422326853941294
2024-04-30,SYN167,0.014706120661659172
2024-05-31,SYN167,0.014493108126922387
2024-06-30,SYN167,0.014281042499862843
2024-07-31,SYN167,0.013845274333820826
2024-08-31,SYN167,0.014003553428636224
2024-09-30,SYN167,0.01390136834548505
2024-10-31,SYN167,0.013074731339141834
2024-11-30,SYN167,0.01380659034691501
2024-12-31,SYN167,0.013862566508159754
2023-01-31,SYN168,0.012257502133770071
2023-02-28,SYN168,0.012530090143494812
2023-03-31,SYN168,0.012405044576591365
2023-04-30,SYN168,0.011685384438726432
2023-05-31,SYN168,0.012528768007351549
2023-06-30,SYN168,0.012631536193744915
2023-07-31,SYN168,0.01338887562370494
2023-08-31,SYN168,0.01355784866554003
2023-09-30,SYN168,0.01372498120055789
2023-10-31,SYN168,0.014938022282872474
2023-11-30,SYN168,0.015096873431956493
2023-12-31,SYN168,0.01515361044412303
2024-01-31,SYN168,0.014300549678268023
2024-02-29,SYN168,0.014194330197463818
2024-03-31,SYN168,0.014128948293663119
2024-04-30,SYN168,0.015177292671115006
2024-05-31,SYN168,0.015202603264343265
2024-06-30,SYN168,0.015141918358053778
2024-07-31,SYN168,0.014447490040540505
2024-08-31,SYN168,0.01451109533840942
2024-09-30,SYN168,0.014560606617306501
2024-10-31,SYN168,0.014501662571739012
2024-11-30,SYN168,0.014549673901509144
2024-12-31,SYN168,0.01453718910763963
2023-01-31,SYN169,0.011715080096524009
2023-02-28,SYN169,0.011861188884697532
2023-03-31,SYN169,0.01172958742761812
2023-04-30,SYN169,0.012810911622924406
2023-05-31,SYN169,0.012785235876816618
2023-06-30,SYN169,0.012908287321681085
2023-07-31,SYN169,0.012561586737668965
2023-08-31,SYN169,0.012483289952280046
2023-09-30,SYN169,0.01241902646559577
2023-10-31,SYN169,0.011045132946007308
2023-11-30,SYN169,0.011249629795910484
2023-12-31,SYN169,0.011024433394575726
2024-01-31,SYN169,0.011855746336667954
2024-02-29,SYN169,0.011640894315698409
2024-03-31,SYN169,0.011805983869986509
2024-04-30,SYN169,0.012240112807004069
2024-05-31,SYN169,0.012452173021479522
2024-06-30,SYN169,0.01240348651683595
2024-07-31,SYN169,0.010935656251720825
2024-08-31,SYN169,0.011237200848829771
2024-09-30,SYN169,0.011142607030215823
2024-10-31,SYN169,0.011590637500236279
2024-11-30,SYN169,0.011526180697679682
2024-12-31,SYN169,0.011429723952433645
2023-01-31,SYN170,0.014764204014649594
2023-02-28,SYN170,0.014888299858672176
2023-03-31,SYN170,0.014903047203336149
2023-04-30,SYN170,0.014196979396232347
2023-05-31,SYN170,0.01421319093020371
2023-06-30,SYN170,0.014368558686042362
2023-07-31,SYN170,0.013073123692489868
2023-08-31,SYN170,0.013175439651017053
2023-09-30,SYN170,0.013229285024878568
2023-10-31,SYN170,0.01238731853110924
2023-11-30,SYN170,0.012369190847556291
2023-12-31,SYN170,0.012448851789917455
2024-01-31,SYN170,0.012527883465109359
2024-02-29,SYN170,0.012752763053260528
2024-03-31,SYN170,0.012799662027916126
2024-04-30,SYN170,0.011660218756705058
2024-05-31,SYN170,0.011361539830720831
2024-06-30,SYN170,0.011219989217828488
2024-07-31,SYN170,0.011711317697497677
2024-08-31,SYN170,0.011671914853363293
2024-09-30,SYN170,0.011742098817274445
2024-10-31,SYN170,0.012004260204330328
2024-11-30,SYN170,0.012047505524598769
2024-12-31,SYN170,0.012111989530972447
2023-01-31,SYN171,0.012985993454402262
2023-02-28,SYN171,0.012932111479519934
2023-03-31,SYN171,0.012904209394331827
2023-04-30,SYN171,0.01335664045645273
2023-05-31,SYN171,0.013225705789419447
2023-06-30,SYN171,0.01301020006217605
2023-07-31,SYN171,0.012731301861432898
2023-08-31,SYN171,0.012929926052686416
2023-09-30,SYN171,0.012884188349160955
2023-10-31,SYN171,0.010591651673932645
2023-11-30,SYN171,0.01087325532948197
2023-12-31,SYN171,0.011059415577759212
2024-01-31,SYN171,0.01116905404211116
2024-02-29,SYN171,0.011214334040994721
2024-03-31,SYN171,0.011156933451183031
2024-04-30,SYN171,0.010498907861421035
2024-05-31,SYN171,0.009631205719349636
2024-06-30,SYN171,0.009599481837339307
2024-07-31,SYN171,0.013398944670449716
2024-08-31,SYN171,0.013528415266663695
2024-09-30,SYN171,0.013557680719954045
2024-10-31,SYN171,0.013930436325119202
2024-11-30,SYN171,0.01437372816907148
2024-12-31,SYN171,0.014173246379628678
2023-01-31,SYN172,0.013649752374416735
2023-02-28,SYN172,0.013804497588777257
2023-03-31,SYN172,0.013688699108614819
2023-04-30,SYN172,0.013388691682684277
2023-05-31,SYN172,0.013400913129455724
2023-06-30,SYN172,0.013330976289930132
2023-07-31,SYN172,0.01319411797331891
2023-08-31,SYN172,0.012767024434565115
2023-09-30,SYN172,0.01259518449866344
2023-10-31,SYN172,0.012156278757433487
2023-11-30,SYN172,0.012314685293130944
2023-12-31,SYN172,0.0121629551696351
2024-01-31,SYN172,0.01261493243572778
2024-02-29,SYN172,0.012505317643753202
2024-03-31,SYN172,0.012659599743927021
2024-04-30,SYN172,0.012359374719128608
2024-05-31,SYN172,0.01256919897035097
2024-06-30,SYN172,0.012571186633423912
2024-07-31,SYN172,0.011942517487634871
2024-08-31,SYN172,0.012016135340455416
2024-09-30,SYN172,0.011784819115583971
2024-10-31,SYN172,0.012257351585015884
2024-11-30,SYN172,0.012392617079843807
2024-12-31,SYN172,0.012282500227010508
2023-01-31,SYN173,0.011621853126934013
2023-02-28,SYN173,0.011745773012689866
2023-03-31,SYN173,0.01165242406083285
2023-04-30,SYN173,0.0094523433206313
2023-05-31,SYN173,0.009392191400668371
2023-06-30,SYN173,0.00998599869232981
2023-07-31,SYN173,0.008074459502816128
2023-08-31,SYN173,0.008885006294180183
2023-09-30,SYN173,0.009182610863607154
2023-10-31,SYN173,0.00866131458380965
2023-11-30,SYN173,0.009379213888791475
2023-12-31,SYN173,0.009677729172543628
2024-01-31,SYN173,0.0119626692381275
2024-02-29,SYN173,0.012212508996790737
2024-03-31,SYN173,0.012123700019955625
2024-04-30,SYN173,0.010168471647796766
2024-05-31,SYN173,0.010023929262362672
2024-06-30,SYN173,0.010110877295282617
2024-07-31,SYN173,0.009299644530552955
2024-08-31,SYN173,0.009395477824451891
2024-09-30,SYN173,0.009807014809909516
2024-10-31,SYN173,0.009925522536563576
2024-11-30,SYN173,0.009717787227946407
2024-12-31,SYN173,0.00972998217005058
2023-01-31,SYN174,0.01324286658198536
2023-02-28,SYN174,0.013665990271186203
2023-03-31,SYN174,0.013653720058425217
2023-04-30,SYN174,0.013309700253809134
2023-05-31,SYN174,0.013479358489710002
2023-06-30,SYN174,0.01335687542262981
2023-07-31,SYN174,0.013270790526014726
2023-08-31,SYN174,0.013512842708839847
2023-09-30,SYN174,0.013687623121519353
2023-10-31,SYN174,0.012107156272666347
2023-11-30,SYN174,0.012208532630635661
2023-12-31,SYN174,0.012030346014157796
2024-01-31,SYN174,0.013032672588697426
2024-02-29,SYN174,0.012528435281181112
2024-03-31,SYN174,0.012492128419510902
2024-04-30,SYN174,0.013267822125522608
2024-05-31,SYN174,0.013328204715266353
2024-06-30,SYN174,0.013344104793324357
2024-07-31,SYN174,0.012637042387873729
2024-08-31,SYN174,0.012705444944647887
2024-09-30,SYN174,0.012679175281769919
2024-10-31,SYN174,0.012399139481751946
2024-11-30,SYN174,0.01252250717303625
2024-12-31,SYN174,0.012386973305198548
2023-01-31,SYN175,0.01462402517395481
2023-02-28,SYN175,0.013569361849438532
2023-03-31,SYN175,0.013505300143955498
2023-04-30,SYN175,0.013925142697216687
2023-05-31,SYN175,0.014016983562729025
2023-06-30,SYN175,0.014069927177522206
2023-07-31,SYN175,0.0120968468902663
2023-08-31,SYN175,0.011649147696185058
2023-09-30,SYN175,0.011518123309553206
2023-10-31,SYN175,0.012593124948774171
2023-11-30,SYN175,0.012656876792456856
2023-12-31,SYN175,0.012653286226603931
2024-01-31,SYN175,0.01285119239282747
2024-02-29,SYN175,0.012903083691259299
2024-03-31,SYN175,0.01290604523878284
2024-04-30,SYN175,0.012965977455891557
2024-05-31,SYN175,0.012859143637926231
2024-06-30,SYN175,0.013162872136598362
2024-07-31,SYN175,0.011564931618117433
2024-08-31,SYN175,0.011427354657198872
2024-09-30,SYN175,0.011485795609732249
2024-10-31,SYN175,0.011761407693214142
2024-11-30,SYN175,0.011722624945151245
2024-12-31,SYN175,0.011604930804648516
2023-01-31,SYN176,0.012795110909116473
2023-02-28,SYN176,0.012581489648083848
2023-03-31,SYN176,0.012659572769045944
2023-04-30,SYN176,0.013444944005898353
2023-05-31,SYN176,0.013355566080617377
2023-06-30,SYN176,0.013296700121255648
2023-07-31,SYN176,0.012449216980077072
2023-08-31,SYN176,0.012458706144813014
2023-09-30,SYN176,0.011957943757869675
2023-10-31,SYN176,0.012899632685627575
2023-11-30,SYN176,0.012766706519965932
2023-12-31,SYN176,0.012820718115104145
2024-01-31,SYN176,0.012696519256498647
2024-02-29,SYN176,0.012737545264319302
2024-03-31,SYN176,0.012846692311684211
2024-04-30,SYN176,0.014311500778356785
2024-05-31,SYN176,0.014237973655992966
2024-06-30,SYN176,0.014402881664432305
2024-07-31,SYN176,0.010260590474621582
2024-08-31,SYN176,0.010566251265776575
2024-09-30,SYN176,0.010447729350039573
2024-10-31,SYN176,0.010082339446451918
2024-11-30,SYN176,0.010142177117227175
2024-12-31,SYN176,0.010066016848628258
2023-01-31,SYN177,0.011988862485016667
2023-02-28,SYN177,0.011980620814218457
2023-03-31,SYN177,0.011994186963543076
2023-04-30,SYN177,0.011420909098728688
2023-05-31,SYN177,0.01188341036300066
2023-06-30,SYN177,0.01188476121047199
2023-07-31,SYN177,0.01119953707716638
2023-08-31,SYN177,0.011078424002233996
2023-09-30,SYN177,0.011287709798935322
2023-10-31,SYN177,0.011569659063973253
2023-11-30,SYN177,0.011622187108685112
2023-12-31,SYN177,0.011658530175166154
2024-01-31,SYN177,0.011410172297484237
2024-02-29,SYN177,0.011540721553119224
2024-03-31,SYN177,0.011761237468002303
2024-04-30,SYN177,0.011753625238768344
2024-05-31,SYN177,0.01170420202233385
2024-06-30,SYN177,0.011965053660495726
2024-07-31,SYN177,0.013802801653377291
2024-08-31,SYN177,0.012783197214393872
2024-09-30,SYN177,0.012498898186272095
2024-10-31,SYN177,0.012649072372712207
2024-11-30,SYN177,0.012613914249115227
2024-12-31,SYN177,0.01267247671238702
2023-01-31,SYN178,0.011614576478021246
2023-02-28,SYN178,0.011456803983409725
2023-03-31,SYN178,0.01134322982489049
2023-04-30,SYN178,0.01090773476588097
2023-05-31,SYN178,0.011052845334213742
2023-06-30,SYN178,0.010991397548869844
2023-07-31,SYN178,0.0100513739894996
2023-08-31,SYN178,0.009995846792571242
2023-09-30,SYN178,0.009790482102682924
2023-10-31,SYN178,0.010995077841261162
2023-11-30,SYN178,0.010695968258918657
2023-12-31,SYN178,0.010690427912968002
2024-01-31,SYN178,0.010483725915743492
2024-02-29,SYN178,0.010361645136535248
2024-03-31,SYN178,0.010278037159846022
2024-04-30,SYN178,0.010112388306701674
2024-05-31,SYN178,0.011820399875984896
2024-06-30,SYN178,0.011242172858680946
2024-07-31,SYN178,0.011091414678719543
2024-08-31,SYN178,0.011144251771144715
2024-09-30,SYN178,0.010969521366110048
2024-10-31,SYN178,0.01180176412726448
2024-11-30,SYN178,0.011916668952637455
2024-12-31,SYN178,0.01191368250084034
2023-01-31,SYN179,0.013056130223855093
2023-02-28,SYN179,0.013081052430761759
2023-03-31,SYN179,0.0131978803264765
2023-04-30,SYN179,0.0110440052657483
2023-05-31,SYN179,0.011304237147808819
2023-06-30,SYN179,0.011204453315427458
2023-07-31,SYN179,0.010594406575918005
2023-08-31,SYN179,0.010513314031227112
2023-09-30,SYN179,0.010298632092702322
2023-10-31,SYN179,0.01089869329913078
2023-11-30,SYN179,0.010900573142026235
2023-12-31,SYN179,0.010802121735833187
2024-01-31,SYN179,0.01230301150612602
2024-02-29,SYN179,0.012507454936738415
2024-03-31,SYN179,0.012915765446795723
2024-04-30,SYN179,0.01278854438460723
2024-05-31,SYN179,0.012980786713714956
2024-06-30,SYN179,0.013173246945603151
2024-07-31,SYN179,0.012081773750969556
2024-08-31,SYN179,0.012190810098884855
2024-09-30,SYN179,0.012182807171138616
2024-10-31,SYN179,0.014126392990244683
2024-11-30,SYN179,0.014102171762673255
2024-12-31,SYN179,0.014180065469710235
2023-01-31,SYN180,0.011307779804963457
2023-02-28,SYN180,0.01179129654578615
2023-03-31,SYN180,0.011465805773633818
2023-04-30,SYN180,0.011232919167978552
2023-05-31,SYN180,0.011189790729181262
2023-06-30,SYN180,0.01126011947472472
2023-07-31,SYN180,0.008869284477012952
2023-08-31,SYN180,0.008385915221899166
2023-09-30,SYN180,0.008520933041980703
2023-10-31,SYN180,0.010525291091611978
2023-11-30,SYN180,0.010911204200676986
2023-12-31,SYN180,0.010702247628112017
2024-01-31,SYN180,0.009567747207292804
2024-02-29,SYN180,0.009199754159474627
2024-03-31,SYN180,0.008470211160825608
2024-04-30,SYN180,0.008717596477094958
2024-05-31,SYN180,0.008763702377301156
2024-06-30,SYN180,0.009193748119976274
2024-07-31,SYN180,0.007793853759490739
2024-08-31,SYN180,0.007362817217990966
2024-09-30,SYN180,0.007734086943824979
2024-10-31,SYN180,0.011336115541081083
2024-11-30,SYN180,0.011035448679771569
2024-12-31,SYN180,0.011263771786285869
2023-01-31,SYN181,0.013565804201404881
2023-02-28,SYN181,0.012820084516881708
2023-03-31,SYN181,0.01290299455737166
2023-04-30,SYN181,0.014053252513985344
2023-05-31,SYN181,0.014749882659013757
2023-06-30,SYN181,0.014375175864642254
2023-07-31,SYN181,0.014048277733826548
2023-08-31,SYN181,0.014200415510227138
2023-09-30,SYN181,0.01430159893446398
2023-10-31,SYN181,0.013616910984882227
2023-11-30,SYN181,0.01387928327544154
2023-12-31,SYN181,0.013777242486522382
2024-01-31,SYN181,0.014997468072946196
2024-02-29,SYN181,0.015164957216046396
2024-03-31,SYN181,0.015070715336613041
2024-04-30,SYN181,0.016041658010273463
2024-05-31,SYN181,0.016020569050552057
2024-06-30,SYN181,0.01603452134016503
2024-07-31,SYN181,0.013964869440054576
2024-08-31,SYN181,0.014703217375890969
2024-09-30,SYN181,0.01437359275740018
2024-10-31,SYN181,0.01345864373810887
2024-11-30,SYN181,0.013621209766636607
2024-12-31,SYN181,0.013668394477059746
2023-01-31,SYN182,0.013561211977475987
2023-02-28,SYN182,0.013695432155680948
2023-03-31,SYN182,0.013597569542543039
2023-04-30,SYN182,0.012788768853977056
2023-05-31,SYN182,0.01279013642484934
2023-06-30,SYN182,0.012734360495927317
2023-07-31,SYN182,0.011634798502079156
2023-08-31,SYN182,0.011351148490157496
2023-09-30,SYN182,0.011642428637390822
2023-10-31,SYN182,0.012869638791255815
2023-11-30,SYN182,0.013425176192895582
2023-12-31,SYN182,0.013515336271018145
2024-01-31,SYN182,0.015321232051978937
2024-02-29,SYN182,0.015296361583974015
2024-03-31,SYN182,0.01545348433152208
2024-04-30,SYN182,0.014194802959891442
2024-05-31,SYN182,0.014016818990328259
2024-06-30,SYN182,0.014225882209808086
2024-07-31,SYN182,0.012978621818893428
2024-08-31,SYN182,0.013161681847367261
2024-09-30,SYN182,0.013304294725851314
2024-10-31,SYN182,0.013946711293253177
2024-11-30,SYN182,0.01417128057983764
2024-12-31,SYN182,0.014212395137157345
2023-01-31,SYN183,0.012032450227289361
2023-02-28,SYN183,0.012013905240992601
2023-03-31,SYN183,0.012244340193946955
2023-04-30,SYN183,0.010788081225110237
2023-05-31,SYN183,0.010985513988162358
2023-06-30,SYN183,0.010955754618102977
2023-07-31,SYN183,0.011353876783174961
2023-08-31,SYN183,0.01137475144475796
2023-09-30,SYN183,0.010940840326295258
2023-10-31,SYN183,0.013111786429879873
2023-11-30,SYN183,0.013204118764240835
2023-12-31,SYN183,0.01311419732440246
2024-01-31,SYN183,0.011976269776856919
2024-02-29,SYN183,0.01191694843689541
2024-03-31,SYN183,0.011991047690415478
2024-04-30,SYN183,0.01132687602516159
2024-05-31,SYN183,0.012108590067271255
2024-06-30,SYN183,0.011848278538272522
2024-07-31,SYN183,0.012994313547703003
2024-08-31,SYN183,0.01302645415764736
2024-09-30,SYN183,0.013031474665527062
2024-10-31,SYN183,0.013482277731078783
2024-11-30,SYN183,0.01315584354023102
2024-12-31,SYN183,0.012816266826977438
2023-01-31,SYN184,0.010632612545528712
2023-02-28,SYN184,0.011035095836754567
2023-03-31,SYN184,0.010695235058792031
2023-04-30,SYN184,0.011546080045488735
2023-05-31,SYN184,0.011789067471301755
2023-06-30,SYN184,0.011729535850825855
2023-07-31,SYN184,0.012210483280749225
2023-08-31,SYN184,0.012313351587506545
2023-09-30,SYN184,0.01248002715431963
2023-10-31,SYN184,0.014055897483853828
2023-11-30,SYN184,0.01452683005984497
2023-12-31,SYN184,0.014267612362114705
2024-01-31,SYN184,0.013442349922373795
2024-02-29,SYN184,0.013430559103090855
2024-03-31,SYN184,0.013576431268768868
2024-04-30,SYN184,0.01341218743572927
2024-05-31,SYN184,0.012204419928766192
2024-06-30,SYN184,0.011845749520401367
2024-07-31,SYN184,0.012147848825642382
2024-08-31,SYN184,0.012209270462258117
2024-09-30,SYN184,0.012035293559917523
2024-10-31,SYN184,0.014312522880803395
2024-11-30,SYN184,0.014235992385635212
2024-12-31,SYN184,0.014187008349465725
2023-01-31,SYN185,0.012867045917889635
2023-02-28,SYN185,0.012877262031584954
2023-03-31,SYN185,0.012875274195439714
2023-04-30,SYN185,0.012272589999739599
2023-05-31,SYN185,0.01238591717435365
2023-06-30,SYN185,0.01201272875122542
2023-07-31,SYN185,0.012223247762802699
2023-08-31,SYN185,0.01213864600232485
2023-09-30,SYN185,0.011967543827985674
2023-10-31,SYN185,0.01239405856130646
2023-11-30,SYN185,0.012541297017606458
2023-12-31,SYN185,0.013324640270044253
2024-01-31,SYN185,0.012298488133563842
2024-02-29,SYN185,0.012201559276946035
2024-03-31,SYN185,0.01187393324130058
2024-04-30,SYN185,0.013531402819229273
2024-05-31,SYN185,0.013391568186563087
2024-06-30,SYN185,0.013587787549490745
2024-07-31,SYN185,0.01409155729627312
2024-08-31,SYN185,0.014098094715036128
2024-09-30,SYN185,0.014088345214272992
2024-10-31,SYN185,0.0130856213126376
2024-11-30,SYN185,0.01424192655415957
2024-12-31,SYN185,0.014142089915887831
2023-01-31,SYN186,0.0063232874602488515
2023-02-28,SYN186,0.006650097503934777
2023-03-31,SYN186,0.0066518514453735725
2023-04-30,SYN186,0.011461204805767074
2023-05-31,SYN186,0.011653441379577165
2023-06-30,SYN186,0.011581900804996943
2023-07-31,SYN186,0.010487213430480013
2023-08-31,SYN186,0.009936205153688897
2023-09-30,SYN186,0.009958377243935869
2023-10-31,SYN186,0.009023154309127587
2023-11-30,SYN186,0.009005387475784558
2023-12-31,SYN186,0.009224530391674961
2024-01-31,SYN186,0.00971438047547148
2024-02-29,SYN186,0.009924852102741239
2024-03-31,SYN186,0.009897002348268317
2024-04-30,SYN186,0.014336073847483467
2024-05-31,SYN186,0.014446725581744526
2024-06-30,SYN186,0.014587603087656172
2024-07-31,SYN186,0.009937951085366777
2024-08-31,SYN186,0.010537936962293177
2024-09-30,SYN186,0.010717937722673078
2024-10-31,SYN186,0.010305040541838235
2024-11-30,SYN186,0.010267688678798797
2024-12-31,SYN186,0.010669173978980658
2023-01-31,SYN187,0.010698767171171616
2023-02-28,SYN187,0.010751299633121467
2023-03-31,SYN187,0.010943122121957942
2023-04-30,SYN187,0.009040044924905562
2023-05-31,SYN187,0.009529257786030306
2023-06-30,SYN187,0.00895217742642854
2023-07-31,SYN187,0.008323558601591768
2023-08-31,SYN187,0.008058804302238903
2023-09-30,SYN187,0.008166329001697569
2023-10-31,SYN187,0.006932176540664139
2023-11-30,SYN187,0.006981485450435042
2023-12-31,SYN187,0.006370294811126519
2024-01-31,SYN187,0.00951292179740636
2024-02-29,SYN187,0.010075140509259057
2024-03-31,SYN187,0.010049493252247113
2024-04-30,SYN187,0.009919780971662849
2024-05-31,SYN187,0.00989406749984881
2024-06-30,SYN187,0.010039539326394002
2024-07-31,SYN187,0.011395278221988839
2024-08-31,SYN187,0.011443776708441527
2024-09-30,SYN187,0.01155303589381944
2024-10-31,SYN187,0.010739997827732165
2024-11-30,SYN187,0.010549472807725871
2024-12-31,SYN187,0.010443679040342664
2023-01-31,SYN188,0.012660582351867263
2023-02-28,SYN188,0.012624309538203725
2023-03-31,SYN188,0.01229645967003609
2023-04-30,SYN188,0.0130011997248167
2023-05-31,SYN188,0.012977414185443962
2023-06-30,SYN188,0.012826910508422556
2023-07-31,SYN188,0.007203456995747909
2023-08-31,SYN188,0.008193155081435748
2023-09-30,SYN188,0.00783960804970378
2023-10-31,SYN188,0.013559132295022208
2023-11-30,SYN188,0.013710667241942236
2023-12-31,SYN188,0.01335869487876641
2024-01-31,SYN188,0.014009545848874797
2024-02-29,SYN188,0.01387487022892317
2024-03-31,SYN188,0.013833745561416928
2024-04-30,SYN188,0.012861163495442996
2024-05-31,SYN188,0.012915995781749547
2024-06-30,SYN188,0.01273064722687283
2024-07-31,SYN188,0.01322479523613635
2024-08-31,SYN188,0.013099596858942728
2024-09-30,SYN188,0.013109639491708201
2024-10-31,SYN188,0.013109706139596245
2024-11-30,SYN188,0.01328215035847386
2024-12-31,SYN188,0.013448549208931224
2023-01-31,SYN189,0.013289736293767167
2023-02-28,SYN189,0.013601565104775799
2023-03-31,SYN189,0.013858100281852415
2023-04-30,SYN189,0.013726744826581956
2023-05-31,SYN189,0.013630293186035161
2023-06-30,SYN189,0.013708685805279102
2023-07-31,SYN189,0.013704357362533857
2023-08-31,SYN189,0.013686945718330713
2023-09-30,SYN189,0.013831448212702852
2023-10-31,SYN189,0.012935119402596146
2023-11-30,SYN189,0.010992040993779385
2023-12-31,SYN189,0.010732773757527332
2024-01-31,SYN189,0.011494100786218705
2024-02-29,SYN189,0.011836191893270844
2024-03-31,SYN189,0.011952258609234314
2024-04-30,SYN189,0.01093011422378595
2024-05-31,SYN189,0.011060190939946115
2024-06-30,SYN189,0.011331554765542519
2024-07-31,SYN189,0.012128254535132266
2024-08-31,SYN189,0.012232504415309695
2024-09-30,SYN189,0.012280404743197354
2024-10-31,SYN189,0.012712099014149691
2024-11-30,SYN189,0.012671238136596805
2024-12-31,SYN189,0.012649339331561486
2023-01-31,SYN190,0.013317229131156207
2023-02-28,SYN190,0.013331633417914789
2023-03-31,SYN190,0.013369083976276668
2023-04-30,SYN190,0.012878168267336612
2023-05-31,SYN190,0.012944387153014545
2023-06-30,SYN190,0.012824810816843949
2023-07-31,SYN190,0.014362461719815284
2023-08-31,SYN190,0.014379808926580195
2023-09-30,SYN190,0.014263407702320641
2023-10-31,SYN190,0.015010159245513506
2023-11-30,SYN190,0.015112598155621734
2023-12-31,SYN190,0.015200580507027146
2024-01-31,SYN190,0.01470659590973878
2024-02-29,SYN190,0.014561742797217028
2024-03-31,SYN190,0.014520763150522628
2024-04-30,SYN190,0.01472343414541691
2024-05-31,SYN190,0.01459157020434952
2024-06-30,SYN190,0.014543158200194518
2024-07-31,SYN190,0.014425883984265758
2024-08-31,SYN190,0.014519494904118713
2024-09-30,SYN190,0.01461475897621232
2024-10-31,SYN190,0.013768820345026637
2024-11-30,SYN190,0.013829092177570772
2024-12-31,SYN190,0.014046228110446557
2023-01-31,SYN191,0.012188751451347745
2023-02-28,SYN191,0.011988385843696475
2023-03-31,SYN191,0.011955074752489579
2023-04-30,SYN191,0.012609751905601433
2023-05-31,SYN191,0.012988414607687003
2023-06-30,SYN191,0.013253370188936886
2023-07-31,SYN191,0.014156736650497657
2023-08-31,SYN191,0.014359466033157435
2023-09-30,SYN191,0.014194712815321996
2023-10-31,SYN191,0.01388412115039758
2023-11-30,SYN191,0.01404543909238314
2023-12-31,SYN191,0.014203172924523265
2024-01-31,SYN191,0.014567320040099562
2024-02-29,SYN191,0.014580866858304163
2024-03-31,SYN191,0.014451675532946549
2024-04-30,SYN191,0.01489457565871147
2024-05-31,SYN191,0.0148491117756706
2024-06-30,SYN191,0.014633817770326723
2024-07-31,SYN191,0.013923586227366851
2024-08-31,SYN191,0.014145910972929453
2024-09-30,SYN191,0.014181376356297876
2024-10-31,SYN191,0.013871176575923854
2024-11-30,SYN191,0.01387966835078455
2024-12-31,SYN191,0.013906773175846886
2023-01-31,SYN192,0.011786734640471709
2023-02-28,SYN192,0.011925555493312619
2023-03-31,SYN192,0.011900931695560394
2023-04-30,SYN192,0.011230942652393978
2023-05-31,SYN192,0.01135743153983518
2023-06-30,SYN192,0.011558813666645169
2023-07-31,SYN192,0.013078019347901433
2023-08-31,SYN192,0.012570450516130198
2023-09-30,SYN192,0.012679689502390509
2023-10-31,SYN192,0.012554194562297704
2023-11-30,SYN192,0.012670832446681718
2023-12-31,SYN192,0.012609490775682346
2024-01-31,SYN192,0.013163542431340646
2024-02-29,SYN192,0.0128372202082054
2024-03-31,SYN192,0.012601048916635228
2024-04-30,SYN192,0.012590676515246656
2024-05-31,SYN192,0.012629892675117984
2024-06-30,SYN192,0.012508485590586442
2024-07-31,SYN192,0.010907995307170251
2024-08-31,SYN192,0.011657100603336103
2024-09-30,SYN192,0.011513784148168466
2024-10-31,SYN192,0.014508012966427133
2024-11-30,SYN192,0.013209559962008347
2024-12-31,SYN192,0.013153269300716487
2023-01-31,SYN193,0.0124122290995515
2023-02-28,SYN193,0.012508802604255527
2023-03-31,SYN193,0.012576095204874734
2023-04-30,SYN193,0.01274451408168802
2023-05-31,SYN193,0.011960247137651097
2023-06-30,SYN193,0.012205357781821781
2023-07-31,SYN193,0.0104049402654695
2023-08-31,SYN193,0.010047120443091247
2023-09-30,SYN193,0.01087213502944001
2023-10-31,SYN193,0.008835480472437453
2023-11-30,SYN193,0.009211831319590063
2023-12-31,SYN193,0.009331378821557391
2024-01-31,SYN193,0.009193311108013106
2024-02-29,SYN193,0.008886849384642709
2024-03-31,SYN193,0.008999588112643132
2024-04-30,SYN193,0.009326008600882492
2024-05-31,SYN193,0.009429680987998174
2024-06-30,SYN193,0.009410093598980282
2024-07-31,SYN193,0.009953185382015735
2024-08-31,SYN193,0.009898208664530181
2024-09-30,SYN193,0.009748458577183825
2024-10-31,SYN193,0.01080023740627899
2024-11-30,SYN193,0.011091651141340201
2024-12-31,SYN193,0.011118354521677934
2023-01-31,SYN194,0.014785308404526123
2023-02-28,SYN194,0.014200001435011449
2023-03-31,SYN194,0.014195570446360564
2023-04-30,SYN194,0.013376974428189197
2023-05-31,SYN194,0.013344676506349575
2023-06-30,SYN194,0.013593349324800972
2023-07-31,SYN194,0.014035293472907136
2023-08-31,SYN194,0.014023960965391583
2023-09-30,SYN194,0.01378332335566411
2023-10-31,SYN194,0.01475243278120322
2023-11-30,SYN194,0.0147148005849547
2023-12-31,SYN194,0.014781782438194528
2024-01-31,SYN194,0.01214891264279463
2024-02-29,SYN194,0.011804769971226045
2024-03-31,SYN194,0.01223072472695852
2024-04-30,SYN194,0.013731589884403672
2024-05-31,SYN194,0.01372358079482196
2024-06-30,SYN194,0.013899827235680626
2024-07-31,SYN194,0.014106035345844134
2024-08-31,SYN194,0.01408218000745703
2024-09-30,SYN194,0.01371125800336464
2024-10-31,SYN194,0.014414629256910571
2024-11-30,SYN194,0.014294619439117974
2024-12-31,SYN194,0.013888857026404345
2023-01-31,SYN195,0.01347286735375054
2023-02-28,SYN195,0.013486222137595321
2023-03-31,SYN195,0.01354111092596399
2023-04-30,SYN195,0.012499318078691115
2023-05-31,SYN195,0.012554025965784192
2023-06-30,SYN195,0.012561192232178739
2023-07-31,SYN195,0.011581420126082842
2023-08-31,SYN195,0.011451506378500903
2023-09-30,SYN195,0.011458739790293859
2023-10-31,SYN195,0.012269311737589968
2023-11-30,SYN195,0.012455502184248634
2023-12-31,SYN195,0.012241253191502299
2024-01-31,SYN195,0.012692821519659203
2024-02-29,SYN195,0.012533534025929912
2024-03-31,SYN195,0.012465584755441876
2024-04-30,SYN195,0.013215244756573152
2024-05-31,SYN195,0.013361977502978847
2024-06-30,SYN195,0.013373553517355138
2024-07-31,SYN195,0.012817626059015243
2024-08-31,SYN195,0.012705598377119764
2024-09-30,SYN195,0.012632962606962084
2024-10-31,SYN195,0.013737699510201349
2024-11-30,SYN195,0.013706940186001751
2024-12-31,SYN195,0.013925734762427795
2023-01-31,SYN196,0.013306125470799228
2023-02-28,SYN196,0.013774508325210238
2023-03-31,SYN196,0.013787456238068232
2023-04-30,SYN196,0.014269443585104825
2023-05-31,SYN196,0.014164437596374469
2023-06-30,SYN196,0.014219678681152422
2023-07-31,SYN196,0.013603797313502197
2023-08-31,SYN196,0.013715616992708858
2023-09-30,SYN196,0.013686628539271493
2023-10-31,SYN196,0.01331637495804304
2023-11-30,SYN196,0.013377729767128563
2023-12-31,SYN196,0.013393099660862353
2024-01-31,SYN196,0.01309698193808365
2024-02-29,SYN196,0.013044204639962257
2024-03-31,SYN196,0.013193731918687971
2024-04-30,SYN196,0.013715410605460594
2024-05-31,SYN196,0.013728671996479622
2024-06-30,SYN196,0.013886850383088538
2024-07-31,SYN196,0.014702160580961807
2024-08-31,SYN196,0.014751603859864897
2024-09-30,SYN196,0.014643399803794123
2024-10-31,SYN196,0.015429956191451996
2024-11-30,SYN196,0.014823382494960704
2024-12-31,SYN196,0.014873923633980076
2023-01-31,SYN197,0.00880365844606738
2023-02-28,SYN197,0.008950191377524104
2023-03-31,SYN197,0.009507763266299641
2023-04-30,SYN197,0.010909466270172048
2023-05-31,SYN197,0.01088500571823554
2023-06-30,SYN197,0.010714272903781227
2023-07-31,SYN197,0.009104656698983783
2023-08-31,SYN197,0.009411099214729293
2023-09-30,SYN197,0.009369682840696203
2023-10-31,SYN197,0.010300307255339402
2023-11-30,SYN197,0.010596399213901885
2023-12-31,SYN197,0.010662930480673856
2024-01-31,SYN197,0.00964453285154588
2024-02-29,SYN197,0.009885681329202076
2024-03-31,SYN197,0.009988304722232192
2024-04-30,SYN197,0.011000207360753128
2024-05-31,SYN197,0.01061323438229362
2024-06-30,SYN197,0.010964410939828487
2024-07-31,SYN197,0.01063086249980217
2024-08-31,SYN197,0.01037110984829686
2024-09-30,SYN197,0.010562807615970969
2024-10-31,SYN197,0.008891746745140327
2024-11-30,SYN197,0.010151279826743399
2024-12-31,SYN197,0.00993002131545356
2023-01-31,SYN198,0.010840893925777643
2023-02-28,SYN198,0.01062608616485906
2023-03-31,SYN198,0.011037124296695257
2023-04-30,SYN198,0.011010592391157021
2023-05-31,SYN198,0.010757709347991602
2023-06-30,SYN198,0.010394046128770606
2023-07-31,SYN198,0.012823067374688411
2023-08-31,SYN198,0.012783621048832725
2023-09-30,SYN198,0.012678471538533888
2023-10-31,SYN198,0.013389643349924076
2023-11-30,SYN198,0.013554227158262391
2023-12-31,SYN198,0.013525041628975151
2024-01-31,SYN198,0.01293377182175718
2024-02-29,SYN198,0.013152881133329634
2024-03-31,SYN198,0.013275409496377035
2024-04-30,SYN198,0.011690278710639615
2024-05-31,SYN198,0.011921115896820654
2024-06-30,SYN198,0.012511470137803175
2024-07-31,SYN198,0.013497750310849242
2024-08-31,SYN198,0.013522820784925923
2024-09-30,SYN198,0.01338215124044594
2024-10-31,SYN198,0.011953099585826054
2024-11-30,SYN198,0.011906716296714488
2024-12-31,SYN198,0.011806174887366093
2023-01-31,SYN199,0.013753942953879689
2023-02-28,SYN199,0.013778024916890015
2023-03-31,SYN199,0.013623110694571249
2023-04-30,SYN199,0.013621833435749965
2023-05-31,SYN199,0.014436780143943782
2023-06-30,SYN199,0.014369592347168777
2023-07-31,SYN199,0.014925473501210386
2023-08-31,SYN199,0.012967211763507626
2023-09-30,SYN199,0.013024418871988597
2023-10-31,SYN199,0.012861124283942362
2023-11-30,SYN199,0.01297546281818108
2023-12-31,SYN199,0.013006224375571666
2024-01-31,SYN199,0.011722569563033693
2024-02-29,SYN199,0.011818662219045567
2024-03-31,SYN199,0.011880041120278625
2024-04-30,SYN199,0.010362920412739184
2024-05-31,SYN199,0.01033350428232248
2024-06-30,SYN199,0.0103930181599601
2024-07-31,SYN199,0.010797034989547458
2024-08-31,SYN199,0.010576904034547955
2024-09-30,SYN199,0.01073188557709023
2024-10-31,SYN199,0.011033099318114088
2024-11-30,SYN199,0.011508241494195838
2024-12-31,SYN199,0.011473086814075741
